Título,Año y Kms,Ubicación,Precio,Marca,Modelo,Subtipo,Recorrido,Climatización,Tracción,Color,Placa Número,Vidrios,Transmisión,Dirección,Motor,Tapizado,Combustible,Placa,Imagen URL
2023 · Shineray X30 CARGO,202319000 Kms · Quito,Negociable,$ 10.500,Shineray,X30 CARGO,Van de Carga,19000 Kms,Aire Acondicionado,4 x 2,Blanco,1,Eléctricos,Manual,Hidráulica,1500,Tela,Gasolina,Pichincha,https://images.patiotuerca.com/thumbs/w/990x540xC/amz_ptf_ecuador/2025122/1877036/o_o/1877036_1737584313035_4.jpg
2019 · Chevrolet Camaro,201958000 Kms · Quito,Negociable,$ 62.900,Chevrolet,Camaro,Coupé,58000 Kms,Aire Acondicionado,4 x 2,Blanco,8,Eléctricos,Manual,Hidráulica,2000,Tela,Gasolina,Pichincha,https://images.patiotuerca.com/thumbs/w/990x540xC/amz_ptf_ecuador/2025120/1876580/o_o/pt_1876580_6982986.jpg
Great Wall HAVAL H6 LUXURY HÍBRIDO,2023 33400 Kms.,Negociable,$ 24.800,Great Wall,HAVAL H6 LUXURY HÍBRIDO,SUV,33400 Kms,Climatizador Bi-Zona,4 x 2,Negro,6,Eléctricos,Automática,Electrónica,1500,Cuero,Gasolina,Pichincha,https://images.patiotuerca.com/thumbs/w/990x540xC/amz_ptf_ecuador/2412025/1877410/o_o/pt_1877410_13538464.jpg
Hyundai Tucson IX,2014 108000 Kms.,Fijo,$ 14.900,Hyundai,Tucson IX,Todoterreno,108000 Kms,Aire Acondicionado,4 x 2,Negro,0,Eléctricos,Automática,Hidráulica,2000,Tela,Gasolina,Chimborazo,https://images.patiotuerca.com/thumbs/w/990x540xC/amz_ptf_ecuador/2025124/1877437/o_o/pt_1877437_6791446.jpeg
Suzuki Grand Vitara SZ 2.4,2018 132000 Kms.,Negociable,$ 13.900,Suzuki,Grand Vitara SZ 2.4,Todoterreno,132000 Kms,Aire Acondicionado,4 x 2,Rojo,0,Eléctricos,Manual,Hidráulica,2400,Tela,Gasolina,Tungurahua,https://images.patiotuerca.com/thumbs/w/990x540xC/amz_ptf_ecuador/2025124/1877434/o_o/pt_1877434_6467818.jpg
Chery TIGGO 8,2022 53500 Kms.,Negociable,$ 16.500,Chery,TIGGO 8,Todoterreno,53500 Kms,Aire Acondicionado,4 x 2,Rojo,0,Eléctricos,Manual,Hidráulica,1500,Corosil,Gasolina,Pichincha,https://images.patiotuerca.com/thumbs/w/990x540xC/amz_ptf_ecuador/2412025/1877381/o_o/1877381_1737736228145_823.jpeg
Suzuki SCROSS BOOSTERJET GL,2023 43000 Kms.,Negociable,$ 21.400,Suzuki,SCROSS BOOSTERJET GL,SUV,43000 Kms,Aire Acondicionado,4 x 2,Negro,3,Eléctricos,Manual,Hidráulica,1400,Tela,Gasolina,Pichincha,https://images.patiotuerca.com/thumbs/w/990x540xC/amz_ptf_ecuador/2025124/1877429/o_o/pt_1877429_5417757.jpeg
Dodge Durango,2015 0 Kms.,Negociable,$ 23.900,Dodge,Durango,Todoterreno,116000 Millas,Aire Acondicionado,4 x 2,Plata,1,Eléctricos,Automática,Hidráulica,3600,Tela,Gasolina,Pichincha,https://images.patiotuerca.com/thumbs/w/990x540xC/amz_ptf_ecuador/2025124/1877425/o_o/pt_1877425_3498834.jpeg
Kia Stonic LX,2021 62000 Kms.,Negociable,$ 13.500,Kia,Stonic LX,Crossover,62000 Kms,Aire Acondicionado,4 x 2,Plomo,1,Eléctricos,Manual,Hidráulica,1.0,Tela,Gasolina,Pichincha,https://images.patiotuerca.com/thumbs/w/990x540xC/amz_ptf_ecuador/2025124/1877445/o_o/pt_1877445_9872510.jpeg
Mazda CX-3,2017 74000 Kms.,Negociable,$ 17.400,Mazda,CX-3,,,,,,,,,,,,,,
Mazda CX3 CORE,2017 2017 Kms.,Negociable,$ 17.400,Mazda,CX3 CORE,,,,,,,,,,,,,,
Hyundai Tucson,2024 125 Kms.,Negociable,$ 32.900,Hyundai,Tucson,Todoterreno,125 Kms,Aire Acondicionado,4 x 2,Negro,8,Eléctricos,Automática,Asistida,2000,Tela,Gasolina,Pichincha,https://images.patiotuerca.com/thumbs/w/990x540xC/amz_ptf_ecuador/5122024/1869285/o_o/1869285_1733430104942_278.jpg
Kia Sportage,2017 73000 Kms.,Negociable,$ 16.400,Kia,Sportage,,,,,,,,,,,,,,
Kia Sportage Active,2017 73000 Kms.,Negociable,$ 16.400,Kia,Sportage Active,,,,,,,,,,,,,,
Chevrolet Captiva,2023 11000 Kms.,Negociable,$ 18.400,Chevrolet,Captiva,,,,,,,,,,,,,,
Chevrolet Captiva Premier,2023 11000 Kms.,Negociable,$ 18.400,Chevrolet,Captiva Premier,,,,,,,,,,,,,,
Mini COOPER SE HATCH,2020 40000 Kms.,Negociable,$ 29.900,Mini,COOPER SE HATCH,,,,,,,,,,,,,,
Kia SOUL EV,2016 1400 Kms.,Negociable,$ 12.900,Kia,SOUL EV,SUV,1400 Kms,Aire Acondicionado,4 x 2,Blanco,7,Eléctricos,Automática,Asistida,,Tela,Eléctrico,Pichincha,https://images.patiotuerca.com/thumbs/w/990x540xC/amz_ptf_ecuador/20112024/1866222/o_o/1866222_1732114589230_889.jpg
Mini Cooper,2020 40000 Kms.,Negociable,$ 29.900,Mini,Cooper,,,,,,,,,,,,,,
Toyota New Fortuner,2019 70000 Kms.,Negociable,$ 35.900,Toyota,New Fortuner,Todoterreno,70000 Kms,Aire Acondicionado,4 x 4,Café,9,Eléctricos,Manual,Asistida,2700,Tela,Gasolina,Pichincha,https://images.patiotuerca.com/thumbs/w/990x540xC/amz_ptf_ecuador/1122024/1868448/o_o/1868448_1733091319473_412.jpg
Toyota Fortuner 2.7,2019 70000 Kms.,Negociable,$ 35.900,Toyota,Fortuner 2.7,Todoterreno,70000 Kms,Aire Acondicionado,4 x 4,Café,9,Eléctricos,Manual,Asistida,2700,Tela,Gasolina,Pichincha,https://images.patiotuerca.com/thumbs/w/990x540xC/amz_ptf_ecuador/1122024/1868447/o_o/1868447_1733091249175_602.jpg
Kia NIRO Hibrido,2017 100000 Kms.,Negociable,$ 13.900,Kia,NIRO Hibrido,Crossover,100000 Kms,Aire Acondicionado,4 x 2,Azul,8,Eléctricos,Automática,Asistida,1600,Cuero,Híbrido,Pichincha,https://images.patiotuerca.com/thumbs/w/990x540xC/amz_ptf_ecuador/22112024/1866840/o_o/1866840_1732329874746_442.jpg
BMW 330i,2020 45000 Kms.,Negociable,$ 41.900,BMW,330i,,,,,,,,,,,,,,
Hyundai Kona,2022 37000 Kms.,Negociable,$ 22.400,Hyundai,Kona,,,,,,,,,,,,,,
Kia Sportage R,2024 7300 Kms.,Negociable,$ 30.900,Kia,Sportage R,,,,,,,,,,,,,,
Kia Sportage,2024 7300 Kms.,Negociable,$ 30.900,Kia,Sportage,,,,,,,,,,,,,,
Hyundai Kona Sel,2022 37000 Kms.,Negociable,$ 22.400,Hyundai,Kona Sel,,,,,,,,,,,,,,
Ford Escape S,2015 77000 Mi.,Negociable,$ 14.900,Ford,Escape S,,,,,,,,,,,,,,
Ford Escape,2015 77000 Mi.,Negociable,$ 14.900,Ford,Escape,,,,,,,,,,,,,,
Volkswagen Tiguan,2021 21000 Kms.,Negociable,$ 26.300,Volkswagen,Tiguan,,,,,,,,,,,,,,
Ford Explorer XLT,2019 65000 Mi.,Negociable,$ 36.900,Ford,Explorer XLT,,,,,,,,,,,,,,
Ford Explorer,2019 65000 Mi.,Negociable,$ 36.900,Ford,Explorer,,,,,,,,,,,,,,
Mercedes Benz C180,2011 95000 Kms.,Negociable,$ 19.900,Mercedes Benz,C180,,,,,,,,,,,,,,
Kia Optima,2018 140000 Kms.,Negociable,$ 13.900,Kia,Optima,,,,,,,,,,,,,,
Kia Soul,2016 1400 Kms.,Negociable,$ 12.900,Kia,Soul,SUV,1400 Kms,Aire Acondicionado,4 x 2,Blanco,7,Eléctricos,Automática,Asistida,,Tela,Eléctrico,Pichincha,https://images.patiotuerca.com/thumbs/w/990x540xC/amz_ptf_ecuador/20112024/1866221/o_o/1866221_1732114532556_740.jpg
Hyundai TUCSON TL,2024 125 Kms.,Negociable,$ 32.900,Hyundai,TUCSON TL,Todoterreno,125 Kms,Aire Acondicionado,4 x 2,Negro,8,Eléctricos,Automática,Asistida,2000,Tela,Gasolina,Pichincha,https://images.patiotuerca.com/thumbs/w/990x540xC/amz_ptf_ecuador/5122024/1869287/o_o/1869287_1733430164556_571.jpg
Nissan X-Trail,2018 67000 Mi.,Negociable,$ 17.900,Nissan,X-Trail,,,,,,,,,,,,,,
2017 · Ford Explorer XLT,201779000 Millas · Cumbayá,Negociable,$ 30.400,Ford,Explorer XLT,Todoterreno,79000 Millas,Aire Acondicionado,AWD,Plomo,9,Eléctricos,Automática,Asistida,3500,Cuero,Gasolina,Pichincha,https://images.patiotuerca.com/thumbs/w/990x540xC/amz_ptf_ecuador/2025113/1875127/o_o/pt_1875127_2280212.jpg
2022 · Hyundai Sonata,202215500 Kms · Quito,Negociable,$ 26.900,Hyundai,Sonata,,,,,,,,,,,,,,
Peugeot 2008,2023 16000 Kms.,Negociable,$ 25.400,Peugeot,2008,,,,,,,,,,,,,,
Mercedes Benz GLA 180,2019 84000 Kms.,Negociable,$ 30.900,Mercedes Benz,GLA 180,,,,,,,,,,,,,,
Hyundai GRAN I10,2013 141000 Kms.,Negociable,$ 9.400,Hyundai,GRAN I10,,,,,,,,,,,,,,
Chevrolet Cruze,2015 116000 Kms.,Negociable,$ 11.900,Chevrolet,Cruze,,,,,,,,,,,,,,
Toyota TOYOTA NEW HILUX SR 2.7 CD 4X4,2019 195000 Kms.,Negociable,$ 32.900,Toyota,TOYOTA NEW HILUX SR 2.7 CD 4X4,Camioneta Doble Cabina,195000 Kms,Aire Acondicionado,4 x 4,Blanco,8,Eléctricos,Manual,Hidráulica,2700,Tela,Gasolina,Pichincha,https://images.patiotuerca.com/thumbs/w/990x540xC/amz_ptf_ecuador/2412025/1877387/o_o/1877387_1737737450128_903.jpg
Ford F150 4X4,2006 2190000 Kms.,Negociable,$ 13.800,Ford,F150 4X4,,,,,,,,,,,,,,
BMW X5 XDRIVE 45E,2020 22000 Kms.,Fijo,$ 73.000,BMW,X5 XDRIVE 45E,,,,,,,,,,,,,,
Kia SOUL EV,2016 7511 Kms.,Negociable,$ 12.900,Kia,SOUL EV,SUV,7511 Kms,Aire Acondicionado,4 x 2,Gris,8,Eléctricos,Automática,Hidráulica,81.4 kW,Tela,Eléctrico,Pichincha,https://images.patiotuerca.com/thumbs/w/990x540xC/amz_ptf_ecuador/2025124/1877386/o_o/pt_1877386_7381915.jpg
Hyundai Tucson,2007 215000 Kms.,Negociable,$ 9.800,Hyundai,Tucson,Todoterreno,215000 Kms,Aire Acondicionado,4 x 2,Beige,6,Eléctricos,Tiptronic,Hidráulica,215000,Tela,Gasolina,Pichincha,https://images.patiotuerca.com/thumbs/w/990x540xC/amz_ptf_ecuador/2025124/1877392/o_o/pt_1877392_8157358.jpg
Audi A6 3.0T,2023 28456 Kms.,Negociable,$ 59.900,Audi,A6 3.0T,Sedán,28456 Kms,Climatizador,N/A,Azul,8,Eléctricos,Automática,Electrónica,3000,Cuero,Gasolina,Pichincha,https://images.patiotuerca.com/thumbs/w/990x540xC/amz_ptf_ecuador/2025124/1877382/o_o/pt_1877382_6720067.jpg
Chevrolet SPARK GT LS,2019 128000 Kms.,Negociable,$ 9.900,Chevrolet,SPARK GT LS,,,,,,,,,,,,,,
Ford ESCAPE XLS,2008 188780 Kms.,Negociable,$ 9.900,Ford,ESCAPE XLS,Todoterreno Ligero,188780 Kms,Aire Acondicionado,AWD,Azul,6,Eléctricos,Automática,Asistida,3000,Tela,Gasolina,Pichincha,https://images.patiotuerca.com/thumbs/w/990x540xC/amz_ptf_ecuador/2025124/1877372/o_o/pt_1877372_4791037.jpeg
Chevrolet Tracker LS,2018 151000 Kms.,Negociable,$ 14.900,Chevrolet,Tracker LS,,,,,,,,,,,,,,
Tata K4DEF,2019 5000 Kms.,Negociable,$ 76.900,Tata,K4DEF,Van de Carga,5000 Kms,Aire Acondicionado,6 x 4,Blanco,3,Eléctricos,Manual,Hidráulica,11100,Tela,Diesel,Tungurahua,https://images.patiotuerca.com/thumbs/w/990x540xC/amz_ptf_ecuador/2025124/1877413/o_o/pt_1877413_669754.jpeg
Chevrolet Grand Vitara 5p 4x2,2012 180000 Kms.,Negociable,$ 9.800,Chevrolet,Grand Vitara 5p 4x2,Todoterreno,180000 Kms,Aire Acondicionado,4 x 2,Plomo,6,Eléctricos,Automática,Hidráulica,2000,Tela,Gasolina,Imbabura,https://images.patiotuerca.com/thumbs/w/990x540xC/amz_ptf_ecuador/2025124/1877371/o_o/pt_1877371_5511488.jpeg
Mitsubishi Outlander,2003 280000 Kms.,Negociable,$ 6.300,Mitsubishi,Outlander,Crossover,280000 Kms,N/A,4 x 2,Negro,1,Eléctricos,Automática,Hidráulica,2400,Cuero,Gasolina,Pichincha,https://images.patiotuerca.com/thumbs/w/990x540xC/amz_ptf_ecuador/2025124/1877367/o_o/pt_1877367_543413.jpeg
Hyundai Elantra,1995 244637 Kms.,Negociable,$ 3.990,Hyundai,Elantra,Sedán,244637 Kms,N/A,4 x 2,Blanco,8,Manuales,Manual,Mecánica,1600,Tela,Gasolina,Pichincha,https://images.patiotuerca.com/thumbs/w/990x540xC/amz_ptf_ecuador/2025124/1877361/o_o/pt_1877361_3601679.jpeg
DFSK IX5,2023 17275 Kms.,Negociable,$ 17.900,DFSK,IX5,Todoterreno,17275 Kms,Climatizador,4 x 2,Blanco,9,Eléctricos,Automática,Electrónica,1500,Cuero,Gasolina,Tungurahua,https://images.patiotuerca.com/thumbs/w/990x540xC/amz_ptf_ecuador/2025124/1877345/o_o/pt_1877345_1938372.jpg
Suzuki Samurai SJ,1986 1 Kms.,Negociable,$ 4.990,Suzuki,Samurai SJ,Todoterreno,1 Kms,N/A,4 x 4,Rojo,4,Manuales,Manual,Mecánica,1300,Cuero,Gasolina,Pichincha,https://images.patiotuerca.com/thumbs/w/990x540xC/amz_ptf_ecuador/2025124/1877357/o_o/pt_1877357_3229094.jpeg
Great Wall Haval H6,2019 126000 Kms.,Negociable,$ 13.900,Great Wall,Haval H6,,,,,,,,,,,,,,
Suzuki Grand Vitara SZ,2019 116558 Kms.,Negociable,$ 14.300,Suzuki,Grand Vitara SZ,Hatchback (5 Puertas),116558 Kms,Aire Acondicionado,4 x 2,Negro,4,Eléctricos,Manual,Hidráulica,2,Tela,Gasolina,Pichincha,https://images.patiotuerca.com/thumbs/w/990x540xC/amz_ptf_ecuador/2025124/1877363/o_o/pt_1877363_1488404.jpeg
Mazda BT-50 CD 4x2,2016 174000 Kms.,Negociable,$ 16.500,Mazda,BT-50 CD 4x2,,,,,,,,,,,,,,
Land Rover Range Rover,2020 12610 Mi.,Negociable,$ 195.900,Land Rover,Range Rover,,,,,,,,,,,,,,
Hyundai Kona Sel,2023 4000 Kms.,Negociable,$ 22.900,Hyundai,Kona Sel,Todoterreno,4000 Kms,Aire Acondicionado,4 x 2,Azul,9,Eléctricos,Automática,Hidráulica,1600,Otro,Híbrido,Azuay,https://images.patiotuerca.com/thumbs/w/990x540xC/amz_ptf_ecuador/20122024/1872101/o_o/1872101_1737731077316_353.jpg
Toyota Fortuner 4.0,2019 103000 Kms.,Negociable,$ 42.900,Toyota,Fortuner 4.0,Todoterreno,103000 Kms,Aire Acondicionado,4 x 4,Negro,0,Eléctricos,Automática,Electrónica,4000,Cuero,Gasolina,Pichincha,https://images.patiotuerca.com/thumbs/w/990x540xC/amz_ptf_ecuador/20241215/1871089/o_o/pt_1871089_9493484.jpg
Toyota New Fortuner,2019 103000 Kms.,Negociable,$ 42.900,Toyota,New Fortuner,Todoterreno,103000 Kms,Aire Acondicionado,4 x 4,Negro,0,Eléctricos,Automática,Hidráulica,4000,Tela,Gasolina,Pichincha,https://images.patiotuerca.com/thumbs/w/990x540xC/amz_ptf_ecuador/20241215/1871088/o_o/pt_1871088_9305895.jpg
Ram V700 RAPID,2024 25000 Kms.,Negociable,$ 16.900,Ram,V700 RAPID,Van de Carga,25000 Kms,Aire Acondicionado,4 x 2,Blanco,0,Manuales,Manual,Hidráulica,1400,Tela,Diesel,Pichincha,https://images.patiotuerca.com/thumbs/w/990x540xC/amz_ptf_ecuador/2024129/1869684/o_o/pt_1869684_6207364.jpg
Ford Escape,2013 156000 Kms.,Negociable,$ 13.900,Ford,Escape,SUV,156000 Kms,Aire Acondicionado,4 x 2,Plata,9,Eléctricos,Automática,Electrónica,2500,Tela,Gasolina,Pichincha,https://images.patiotuerca.com/thumbs/w/990x540xC/amz_ptf_ecuador/20241129/1868195/o_o/pt_1868195_7262968.jpg
Kia Sportage LX,2015 1670000 Kms.,Negociable,$ 13.900,Kia,Sportage LX,,,,,,,,,,,,,,
Nissan X-Trail,2013 211000 Kms.,Negociable,$ 11.400,Nissan,X-Trail,Todoterreno,211000 Kms,Aire Acondicionado,4 x 2,Plata,7,Eléctricos,Automática,Electrónica,2500,Tela,Gasolina,Pichincha,https://images.patiotuerca.com/thumbs/w/990x540xC/amz_ptf_ecuador/2025111/1874866/o_o/pt_1874866_1277445.jpg
BYD Seagull,2025 272 Kms.,Negociable,$ 21.400,BYD,Seagull,Hatchback (5 Puertas),272 Kms,Aire Acondicionado,N/A,Blanco,8,Eléctricos,Automática,Electrónica,0,Tela,Eléctrico,Pichincha,https://images.patiotuerca.com/thumbs/w/990x540xC/amz_ptf_ecuador/2025118/1876256/o_o/pt_1876256_2057091.jpg
Ford Escape S,2015 156000 Kms.,Negociable,$ 13.900,Ford,Escape S,Todoterreno,156000 Kms,Aire Acondicionado,4 x 2,Plata,9,Eléctricos,Automática,Hidráulica,2500,Tela,Gasolina,Pichincha,https://images.patiotuerca.com/thumbs/w/990x540xC/amz_ptf_ecuador/20241129/1868199/o_o/pt_1868199_7909111.jpg
Kia Sportage,2020 72900 Kms.,Negociable,$ 22.900,Kia,Sportage,Todoterreno,72900 Kms,Aire Acondicionado,4 x 2,Plata,3,Eléctricos,Automática,Electrónica,2000,Tela,Gasolina,Pichincha,https://images.patiotuerca.com/thumbs/w/990x540xC/amz_ptf_ecuador/2025123/1877112/o_o/pt_1877112_9474477.jpg
Kia Sportage R,2020 72900 Kms.,Negociable,$ 22.900,Kia,Sportage R,Todoterreno,72900 Kms,Aire Acondicionado,4 x 2,Plata,3,Eléctricos,Automática,Electrónica,2000,Tela,Gasolina,Pichincha,https://images.patiotuerca.com/thumbs/w/990x540xC/amz_ptf_ecuador/2025123/1877113/o_o/pt_1877113_9602577.jpg
Kia SPORTAGE R GTI,2020 72000 Kms.,Negociable,$ 22.900,Kia,SPORTAGE R GTI,Todoterreno Ligero,72000 Kms,Aire Acondicionado,4 x 2,Plata,3,Eléctricos,Automática,Electrónica,2000,Tela,Gasolina,Pichincha,https://images.patiotuerca.com/thumbs/w/990x540xC/amz_ptf_ecuador/2025123/1877114/o_o/pt_1877114_9736417.jpg
2017 · Ford Explorer XLT,201779000 Millas · Cumbayá,Negociable,$ 30.400,Ford,Explorer XLT,Todoterreno,79000 Millas,Aire Acondicionado,AWD,Plomo,9,Eléctricos,Automática,Asistida,3500,Cuero,Gasolina,Pichincha,https://images.patiotuerca.com/thumbs/w/990x540xC/amz_ptf_ecuador/2025113/1875127/o_o/pt_1875127_2280212.jpg
2022 · Hyundai Sonata,202215500 Kms · Quito,Negociable,$ 26.900,Hyundai,Sonata,,,,,,,,,,,,,,
Peugeot 2008,2023 16000 Kms.,Negociable,$ 25.400,Peugeot,2008,,,,,,,,,,,,,,
Mercedes Benz GLA 180,2019 84000 Kms.,Negociable,$ 30.900,Mercedes Benz,GLA 180,,,,,,,,,,,,,,
Hyundai GRAN I10,2013 141000 Kms.,Negociable,$ 9.400,Hyundai,GRAN I10,,,,,,,,,,,,,,
Chevrolet Cruze,2015 116000 Kms.,Negociable,$ 11.900,Chevrolet,Cruze,,,,,,,,,,,,,,
Toyota TOYOTA NEW HILUX SR 2.7 CD 4X4,2019 195000 Kms.,Negociable,$ 32.900,Toyota,TOYOTA NEW HILUX SR 2.7 CD 4X4,Camioneta Doble Cabina,195000 Kms,Aire Acondicionado,4 x 4,Blanco,8,Eléctricos,Manual,Hidráulica,2700,Tela,Gasolina,Pichincha,https://images.patiotuerca.com/thumbs/w/990x540xC/amz_ptf_ecuador/2412025/1877387/o_o/1877387_1737737450128_903.jpg
Ford F150 4X4,2006 2190000 Kms.,Negociable,$ 13.800,Ford,F150 4X4,,,,,,,,,,,,,,
BMW X5 XDRIVE 45E,2020 22000 Kms.,Fijo,$ 73.000,BMW,X5 XDRIVE 45E,,,,,,,,,,,,,,
Kia SOUL EV,2016 7511 Kms.,Negociable,$ 12.900,Kia,SOUL EV,SUV,7511 Kms,Aire Acondicionado,4 x 2,Gris,8,Eléctricos,Automática,Hidráulica,81.4 kW,Tela,Eléctrico,Pichincha,https://images.patiotuerca.com/thumbs/w/990x540xC/amz_ptf_ecuador/2025124/1877386/o_o/pt_1877386_7381915.jpg
Hyundai Tucson,2007 215000 Kms.,Negociable,$ 9.800,Hyundai,Tucson,Todoterreno,215000 Kms,Aire Acondicionado,4 x 2,Beige,6,Eléctricos,Tiptronic,Hidráulica,215000,Tela,Gasolina,Pichincha,https://images.patiotuerca.com/thumbs/w/990x540xC/amz_ptf_ecuador/2025124/1877392/o_o/pt_1877392_8157358.jpg
Audi A6 3.0T,2023 28456 Kms.,Negociable,$ 59.900,Audi,A6 3.0T,Sedán,28456 Kms,Climatizador,N/A,Azul,8,Eléctricos,Automática,Electrónica,3000,Cuero,Gasolina,Pichincha,https://images.patiotuerca.com/thumbs/w/990x540xC/amz_ptf_ecuador/2025124/1877382/o_o/pt_1877382_6720067.jpg
Chevrolet SPARK GT LS,2019 128000 Kms.,Negociable,$ 9.900,Chevrolet,SPARK GT LS,,,,,,,,,,,,,,
Ford ESCAPE XLS,2008 188780 Kms.,Negociable,$ 9.900,Ford,ESCAPE XLS,Todoterreno Ligero,188780 Kms,Aire Acondicionado,AWD,Azul,6,Eléctricos,Automática,Asistida,3000,Tela,Gasolina,Pichincha,https://images.patiotuerca.com/thumbs/w/990x540xC/amz_ptf_ecuador/2025124/1877372/o_o/pt_1877372_4791037.jpeg
Chevrolet Tracker LS,2018 151000 Kms.,Negociable,$ 14.900,Chevrolet,Tracker LS,,,,,,,,,,,,,,
Tata K4DEF,2019 5000 Kms.,Negociable,$ 76.900,Tata,K4DEF,Van de Carga,5000 Kms,Aire Acondicionado,6 x 4,Blanco,3,Eléctricos,Manual,Hidráulica,11100,Tela,Diesel,Tungurahua,https://images.patiotuerca.com/thumbs/w/990x540xC/amz_ptf_ecuador/2025124/1877413/o_o/pt_1877413_669754.jpeg
Chevrolet Grand Vitara 5p 4x2,2012 180000 Kms.,Negociable,$ 9.800,Chevrolet,Grand Vitara 5p 4x2,Todoterreno,180000 Kms,Aire Acondicionado,4 x 2,Plomo,6,Eléctricos,Automática,Hidráulica,2000,Tela,Gasolina,Imbabura,https://images.patiotuerca.com/thumbs/w/990x540xC/amz_ptf_ecuador/2025124/1877371/o_o/pt_1877371_5511488.jpeg
Mitsubishi Outlander,2003 280000 Kms.,Negociable,$ 6.300,Mitsubishi,Outlander,Crossover,280000 Kms,N/A,4 x 2,Negro,1,Eléctricos,Automática,Hidráulica,2400,Cuero,Gasolina,Pichincha,https://images.patiotuerca.com/thumbs/w/990x540xC/amz_ptf_ecuador/2025124/1877367/o_o/pt_1877367_543413.jpeg
Hyundai Elantra,1995 244637 Kms.,Negociable,$ 3.990,Hyundai,Elantra,Sedán,244637 Kms,N/A,4 x 2,Blanco,8,Manuales,Manual,Mecánica,1600,Tela,Gasolina,Pichincha,https://images.patiotuerca.com/thumbs/w/990x540xC/amz_ptf_ecuador/2025124/1877361/o_o/pt_1877361_3601679.jpeg
DFSK IX5,2023 17275 Kms.,Negociable,$ 17.900,DFSK,IX5,Todoterreno,17275 Kms,Climatizador,4 x 2,Blanco,9,Eléctricos,Automática,Electrónica,1500,Cuero,Gasolina,Tungurahua,https://images.patiotuerca.com/thumbs/w/990x540xC/amz_ptf_ecuador/2025124/1877345/o_o/pt_1877345_1938372.jpg
Suzuki Samurai SJ,1986 1 Kms.,Negociable,$ 4.990,Suzuki,Samurai SJ,Todoterreno,1 Kms,N/A,4 x 4,Rojo,4,Manuales,Manual,Mecánica,1300,Cuero,Gasolina,Pichincha,https://images.patiotuerca.com/thumbs/w/990x540xC/amz_ptf_ecuador/2025124/1877357/o_o/pt_1877357_3229094.jpeg
Great Wall Haval H6,2019 126000 Kms.,Negociable,$ 13.900,Great Wall,Haval H6,,,,,,,,,,,,,,
Suzuki Grand Vitara SZ,2019 116558 Kms.,Negociable,$ 14.300,Suzuki,Grand Vitara SZ,Hatchback (5 Puertas),116558 Kms,Aire Acondicionado,4 x 2,Negro,4,Eléctricos,Manual,Hidráulica,2,Tela,Gasolina,Pichincha,https://images.patiotuerca.com/thumbs/w/990x540xC/amz_ptf_ecuador/2025124/1877363/o_o/pt_1877363_1488404.jpeg
Mazda BT-50 CD 4x2,2016 174000 Kms.,Negociable,$ 16.500,Mazda,BT-50 CD 4x2,,,,,,,,,,,,,,
Land Rover Range Rover,2020 12610 Mi.,Negociable,$ 195.900,Land Rover,Range Rover,,,,,,,,,,,,,,
Hyundai Kona Sel,2023 4000 Kms.,Negociable,$ 22.900,Hyundai,Kona Sel,Todoterreno,4000 Kms,Aire Acondicionado,4 x 2,Azul,9,Eléctricos,Automática,Hidráulica,1600,Otro,Híbrido,Azuay,https://images.patiotuerca.com/thumbs/w/990x540xC/amz_ptf_ecuador/20122024/1872101/o_o/1872101_1737731077316_353.jpg
Toyota Fortuner 4.0,2019 103000 Kms.,Negociable,$ 42.900,Toyota,Fortuner 4.0,Todoterreno,103000 Kms,Aire Acondicionado,4 x 4,Negro,0,Eléctricos,Automática,Electrónica,4000,Cuero,Gasolina,Pichincha,https://images.patiotuerca.com/thumbs/w/990x540xC/amz_ptf_ecuador/20241215/1871089/o_o/pt_1871089_9493484.jpg
Toyota New Fortuner,2019 103000 Kms.,Negociable,$ 42.900,Toyota,New Fortuner,Todoterreno,103000 Kms,Aire Acondicionado,4 x 4,Negro,0,Eléctricos,Automática,Hidráulica,4000,Tela,Gasolina,Pichincha,https://images.patiotuerca.com/thumbs/w/990x540xC/amz_ptf_ecuador/20241215/1871088/o_o/pt_1871088_9305895.jpg
Ram V700 RAPID,2024 25000 Kms.,Negociable,$ 16.900,Ram,V700 RAPID,Van de Carga,25000 Kms,Aire Acondicionado,4 x 2,Blanco,0,Manuales,Manual,Hidráulica,1400,Tela,Diesel,Pichincha,https://images.patiotuerca.com/thumbs/w/990x540xC/amz_ptf_ecuador/2024129/1869684/o_o/pt_1869684_6207364.jpg
Ford Escape,2013 156000 Kms.,Negociable,$ 13.900,Ford,Escape,SUV,156000 Kms,Aire Acondicionado,4 x 2,Plata,9,Eléctricos,Automática,Electrónica,2500,Tela,Gasolina,Pichincha,https://images.patiotuerca.com/thumbs/w/990x540xC/amz_ptf_ecuador/20241129/1868195/o_o/pt_1868195_7262968.jpg
Kia Sportage LX,2015 1670000 Kms.,Negociable,$ 13.900,Kia,Sportage LX,,,,,,,,,,,,,,
Nissan X-Trail,2013 211000 Kms.,Negociable,$ 11.400,Nissan,X-Trail,Todoterreno,211000 Kms,Aire Acondicionado,4 x 2,Plata,7,Eléctricos,Automática,Electrónica,2500,Tela,Gasolina,Pichincha,https://images.patiotuerca.com/thumbs/w/990x540xC/amz_ptf_ecuador/2025111/1874866/o_o/pt_1874866_1277445.jpg
BYD Seagull,2025 272 Kms.,Negociable,$ 21.400,BYD,Seagull,Hatchback (5 Puertas),272 Kms,Aire Acondicionado,N/A,Blanco,8,Eléctricos,Automática,Electrónica,0,Tela,Eléctrico,Pichincha,https://images.patiotuerca.com/thumbs/w/990x540xC/amz_ptf_ecuador/2025118/1876256/o_o/pt_1876256_2057091.jpg
Ford Escape S,2015 156000 Kms.,Negociable,$ 13.900,Ford,Escape S,Todoterreno,156000 Kms,Aire Acondicionado,4 x 2,Plata,9,Eléctricos,Automática,Hidráulica,2500,Tela,Gasolina,Pichincha,https://images.patiotuerca.com/thumbs/w/990x540xC/amz_ptf_ecuador/20241129/1868199/o_o/pt_1868199_7909111.jpg
Kia Sportage,2020 72900 Kms.,Negociable,$ 22.900,Kia,Sportage,Todoterreno,72900 Kms,Aire Acondicionado,4 x 2,Plata,3,Eléctricos,Automática,Electrónica,2000,Tela,Gasolina,Pichincha,https://images.patiotuerca.com/thumbs/w/990x540xC/amz_ptf_ecuador/2025123/1877112/o_o/pt_1877112_9474477.jpg
Kia Sportage R,2020 72900 Kms.,Negociable,$ 22.900,Kia,Sportage R,Todoterreno,72900 Kms,Aire Acondicionado,4 x 2,Plata,3,Eléctricos,Automática,Electrónica,2000,Tela,Gasolina,Pichincha,https://images.patiotuerca.com/thumbs/w/990x540xC/amz_ptf_ecuador/2025123/1877113/o_o/pt_1877113_9602577.jpg
Kia SPORTAGE R GTI,2020 72000 Kms.,Negociable,$ 22.900,Kia,SPORTAGE R GTI,Todoterreno Ligero,72000 Kms,Aire Acondicionado,4 x 2,Plata,3,Eléctricos,Automática,Electrónica,2000,Tela,Gasolina,Pichincha,https://images.patiotuerca.com/thumbs/w/990x540xC/amz_ptf_ecuador/2025123/1877114/o_o/pt_1877114_9736417.jpg
2021 · Toyota NEW RAV4 AC 2.0 5P,202129000 Kms · Quito,Negociable,$ 33.900,Toyota,NEW RAV4 AC 2.0 5P,Todoterreno,29000 Kms,Aire Acondicionado,4 x 2,Plata,4,Eléctricos,Automática,Hidráulica,2000,Tela,Gasolina,Pichincha,https://images.patiotuerca.com/thumbs/w/990x540xC/amz_ptf_ecuador/20241226/1872734/o_o/pt_1872734_6537739.jpeg
1998 · Ford Explorer 5P,1998234629 Kms · Quito,Negociable,$ 6.900,Ford,Explorer 5P,Todoterreno,234629 Kms,Aire Acondicionado,4 x 4,Dorado,0,Eléctricos,Automática,Hidráulica,4000,Tela,Gasolina,Pichincha,https://images.patiotuerca.com/thumbs/w/990x540xC/amz_ptf_ecuador/1412025/1875456/o_o/1875456_1736881357953_692.jpg
BMW X5 XDRIVE 45E,2020 22000 Kms.,Fijo,$ 73.000,BMW,X5 XDRIVE 45E,,,,,,,,,,,,,,
Kia SOUL EV,2016 7511 Kms.,Negociable,$ 12.900,Kia,SOUL EV,SUV,7511 Kms,Aire Acondicionado,4 x 2,Gris,8,Eléctricos,Automática,Hidráulica,81.4 kW,Tela,Eléctrico,Pichincha,https://images.patiotuerca.com/thumbs/w/990x540xC/amz_ptf_ecuador/2025124/1877386/o_o/pt_1877386_7381915.jpg
Hyundai Tucson,2007 215000 Kms.,Negociable,$ 9.800,Hyundai,Tucson,Todoterreno,215000 Kms,Aire Acondicionado,4 x 2,Beige,6,Eléctricos,Tiptronic,Hidráulica,215000,Tela,Gasolina,Pichincha,https://images.patiotuerca.com/thumbs/w/990x540xC/amz_ptf_ecuador/2025124/1877392/o_o/pt_1877392_8157358.jpg
Audi A6 3.0T,2023 28456 Kms.,Negociable,$ 59.900,Audi,A6 3.0T,Sedán,28456 Kms,Climatizador,N/A,Azul,8,Eléctricos,Automática,Electrónica,3000,Cuero,Gasolina,Pichincha,https://images.patiotuerca.com/thumbs/w/990x540xC/amz_ptf_ecuador/2025124/1877382/o_o/pt_1877382_6720067.jpg
Chevrolet SPARK GT LS,2019 128000 Kms.,Negociable,$ 9.900,Chevrolet,SPARK GT LS,,,,,,,,,,,,,,
Ford ESCAPE XLS,2008 188780 Kms.,Negociable,$ 9.900,Ford,ESCAPE XLS,Todoterreno Ligero,188780 Kms,Aire Acondicionado,AWD,Azul,6,Eléctricos,Automática,Asistida,3000,Tela,Gasolina,Pichincha,https://images.patiotuerca.com/thumbs/w/990x540xC/amz_ptf_ecuador/2025124/1877372/o_o/pt_1877372_4791037.jpeg
Chevrolet Tracker LS,2018 151000 Kms.,Negociable,$ 14.900,Chevrolet,Tracker LS,,,,,,,,,,,,,,
Tata K4DEF,2019 5000 Kms.,Negociable,$ 76.900,Tata,K4DEF,Van de Carga,5000 Kms,Aire Acondicionado,6 x 4,Blanco,3,Eléctricos,Manual,Hidráulica,11100,Tela,Diesel,Tungurahua,https://images.patiotuerca.com/thumbs/w/990x540xC/amz_ptf_ecuador/2025124/1877413/o_o/pt_1877413_669754.jpeg
Chevrolet Grand Vitara 5p 4x2,2012 180000 Kms.,Negociable,$ 9.800,Chevrolet,Grand Vitara 5p 4x2,Todoterreno,180000 Kms,Aire Acondicionado,4 x 2,Plomo,6,Eléctricos,Automática,Hidráulica,2000,Tela,Gasolina,Imbabura,https://images.patiotuerca.com/thumbs/w/990x540xC/amz_ptf_ecuador/2025124/1877371/o_o/pt_1877371_5511488.jpeg
Mitsubishi Outlander,2003 280000 Kms.,Negociable,$ 6.300,Mitsubishi,Outlander,Crossover,280000 Kms,N/A,4 x 2,Negro,1,Eléctricos,Automática,Hidráulica,2400,Cuero,Gasolina,Pichincha,https://images.patiotuerca.com/thumbs/w/990x540xC/amz_ptf_ecuador/2025124/1877367/o_o/pt_1877367_543413.jpeg
Hyundai Elantra,1995 244637 Kms.,Negociable,$ 3.990,Hyundai,Elantra,Sedán,244637 Kms,N/A,4 x 2,Blanco,8,Manuales,Manual,Mecánica,1600,Tela,Gasolina,Pichincha,https://images.patiotuerca.com/thumbs/w/990x540xC/amz_ptf_ecuador/2025124/1877361/o_o/pt_1877361_3601679.jpeg
DFSK IX5,2023 17275 Kms.,Negociable,$ 17.900,DFSK,IX5,Todoterreno,17275 Kms,Climatizador,4 x 2,Blanco,9,Eléctricos,Automática,Electrónica,1500,Cuero,Gasolina,Tungurahua,https://images.patiotuerca.com/thumbs/w/990x540xC/amz_ptf_ecuador/2025124/1877345/o_o/pt_1877345_1938372.jpg
Suzuki Samurai SJ,1986 1 Kms.,Negociable,$ 4.990,Suzuki,Samurai SJ,Todoterreno,1 Kms,N/A,4 x 4,Rojo,4,Manuales,Manual,Mecánica,1300,Cuero,Gasolina,Pichincha,https://images.patiotuerca.com/thumbs/w/990x540xC/amz_ptf_ecuador/2025124/1877357/o_o/pt_1877357_3229094.jpeg
Great Wall Haval H6,2019 126000 Kms.,Negociable,$ 13.900,Great Wall,Haval H6,,,,,,,,,,,,,,
Mazda BT-50 CD 4x2,2016 174000 Kms.,Negociable,$ 16.500,Mazda,BT-50 CD 4x2,,,,,,,,,,,,,,
Suzuki Grand Vitara SZ,2019 116558 Kms.,Negociable,$ 14.300,Suzuki,Grand Vitara SZ,Hatchback (5 Puertas),116558 Kms,Aire Acondicionado,4 x 2,Negro,4,Eléctricos,Manual,Hidráulica,2,Tela,Gasolina,Pichincha,https://images.patiotuerca.com/thumbs/w/990x540xC/amz_ptf_ecuador/2025124/1877363/o_o/pt_1877363_1488404.jpeg
Land Rover Range Rover,2020 12610 Mi.,Negociable,$ 195.900,Land Rover,Range Rover,,,,,,,,,,,,,,
Hyundai Kona Sel,2023 4000 Kms.,Negociable,$ 22.900,Hyundai,Kona Sel,Todoterreno,4000 Kms,Aire Acondicionado,4 x 2,Azul,9,Eléctricos,Automática,Hidráulica,1600,Otro,Híbrido,Azuay,https://images.patiotuerca.com/thumbs/w/990x540xC/amz_ptf_ecuador/20122024/1872101/o_o/1872101_1737731077316_353.jpg
Toyota Fortuner 4.0,2019 103000 Kms.,Negociable,$ 42.900,Toyota,Fortuner 4.0,Todoterreno,103000 Kms,Aire Acondicionado,4 x 4,Negro,0,Eléctricos,Automática,Electrónica,4000,Cuero,Gasolina,Pichincha,https://images.patiotuerca.com/thumbs/w/990x540xC/amz_ptf_ecuador/20241215/1871089/o_o/pt_1871089_9493484.jpg
Toyota New Fortuner,2019 103000 Kms.,Negociable,$ 42.900,Toyota,New Fortuner,Todoterreno,103000 Kms,Aire Acondicionado,4 x 4,Negro,0,Eléctricos,Automática,Hidráulica,4000,Tela,Gasolina,Pichincha,https://images.patiotuerca.com/thumbs/w/990x540xC/amz_ptf_ecuador/20241215/1871088/o_o/pt_1871088_9305895.jpg
Ram V700 RAPID,2024 25000 Kms.,Negociable,$ 16.900,Ram,V700 RAPID,Van de Carga,25000 Kms,Aire Acondicionado,4 x 2,Blanco,0,Manuales,Manual,Hidráulica,1400,Tela,Diesel,Pichincha,https://images.patiotuerca.com/thumbs/w/990x540xC/amz_ptf_ecuador/2024129/1869684/o_o/pt_1869684_6207364.jpg
Ford Escape,2013 156000 Kms.,Negociable,$ 13.900,Ford,Escape,SUV,156000 Kms,Aire Acondicionado,4 x 2,Plata,9,Eléctricos,Automática,Electrónica,2500,Tela,Gasolina,Pichincha,https://images.patiotuerca.com/thumbs/w/990x540xC/amz_ptf_ecuador/20241129/1868195/o_o/pt_1868195_7262968.jpg
Kia Sportage LX,2015 1670000 Kms.,Negociable,$ 13.900,Kia,Sportage LX,,,,,,,,,,,,,,
Nissan X-Trail,2013 211000 Kms.,Negociable,$ 11.400,Nissan,X-Trail,Todoterreno,211000 Kms,Aire Acondicionado,4 x 2,Plata,7,Eléctricos,Automática,Electrónica,2500,Tela,Gasolina,Pichincha,https://images.patiotuerca.com/thumbs/w/990x540xC/amz_ptf_ecuador/2025111/1874866/o_o/pt_1874866_1277445.jpg
BYD Seagull,2025 272 Kms.,Negociable,$ 21.400,BYD,Seagull,Hatchback (5 Puertas),272 Kms,Aire Acondicionado,N/A,Blanco,8,Eléctricos,Automática,Electrónica,0,Tela,Eléctrico,Pichincha,https://images.patiotuerca.com/thumbs/w/990x540xC/amz_ptf_ecuador/2025118/1876256/o_o/pt_1876256_2057091.jpg
Ford Escape S,2015 156000 Kms.,Negociable,$ 13.900,Ford,Escape S,Todoterreno,156000 Kms,Aire Acondicionado,4 x 2,Plata,9,Eléctricos,Automática,Hidráulica,2500,Tela,Gasolina,Pichincha,https://images.patiotuerca.com/thumbs/w/990x540xC/amz_ptf_ecuador/20241129/1868199/o_o/pt_1868199_7909111.jpg
Kia Sportage,2020 72900 Kms.,Negociable,$ 22.900,Kia,Sportage,Todoterreno,72900 Kms,Aire Acondicionado,4 x 2,Plata,3,Eléctricos,Automática,Electrónica,2000,Tela,Gasolina,Pichincha,https://images.patiotuerca.com/thumbs/w/990x540xC/amz_ptf_ecuador/2025123/1877112/o_o/pt_1877112_9474477.jpg
Kia Sportage R,2020 72900 Kms.,Negociable,$ 22.900,Kia,Sportage R,Todoterreno,72900 Kms,Aire Acondicionado,4 x 2,Plata,3,Eléctricos,Automática,Electrónica,2000,Tela,Gasolina,Pichincha,https://images.patiotuerca.com/thumbs/w/990x540xC/amz_ptf_ecuador/2025123/1877113/o_o/pt_1877113_9602577.jpg
Kia SPORTAGE R GTI,2020 72000 Kms.,Negociable,$ 22.900,Kia,SPORTAGE R GTI,Todoterreno Ligero,72000 Kms,Aire Acondicionado,4 x 2,Plata,3,Eléctricos,Automática,Electrónica,2000,Tela,Gasolina,Pichincha,https://images.patiotuerca.com/thumbs/w/990x540xC/amz_ptf_ecuador/2025123/1877114/o_o/pt_1877114_9736417.jpg
Renault Duster,2018 93000 Kms.,Negociable,$ 15.600,Renault,Duster,SUV,93000 Kms,Aire Acondicionado,4 x 2,Negro,7,Eléctricos,Manual,Electrónica,2000,Tela,Gasolina,Pichincha,https://images.patiotuerca.com/thumbs/w/990x540xC/amz_ptf_ecuador/2025123/1877120/o_o/pt_1877120_2117817.jpg
Renault Duster 2.0,2018 93000 Kms.,Negociable,$ 15.600,Renault,Duster 2.0,Todoterreno,93000 Kms,Aire Acondicionado,4 x 2,Plomo,7,Eléctricos,Manual,Electrónica,2000,Tela,Gasolina,Pichincha,https://images.patiotuerca.com/thumbs/w/990x540xC/amz_ptf_ecuador/2025123/1877123/o_o/pt_1877123_2468281.jpg
Volkswagen Tiguan,2018 109000 Kms.,Negociable,$ 20.400,Volkswagen,Tiguan,Todoterreno,109000 Kms,Aire Acondicionado,N/A,Azul,8,Eléctricos,Automática,Electrónica,2000,Tela,Gasolina,Pichincha,https://images.patiotuerca.com/thumbs/w/990x540xC/amz_ptf_ecuador/2025123/1877124/o_o/pt_1877124_2584090.jpg
Nissan X-Trail Xtreme,2013 211000 Kms.,Negociable,$ 11.400,Nissan,X-Trail Xtreme,Todoterreno,211000 Kms,Aire Acondicionado,4 x 2,Plata,7,Eléctricos,Automática,Electrónica,2500,Tela,Gasolina,Pichincha,https://images.patiotuerca.com/thumbs/w/990x540xC/amz_ptf_ecuador/2025111/1874864/o_o/pt_1874864_1145885.jpg
Ford F150 Lariat,2015 0 Kms.,Negociable,$ 34.900,Ford,F150 Lariat,Camioneta Doble Cabina,77000 Millas,Aire Acondicionado,4 x 4,Blanco,4,Eléctricos,Automática,Electrónica,3500,Cuero,Gasolina,Azuay,https://images.patiotuerca.com/thumbs/w/990x540xC/amz_ptf_ecuador/20241126/1867412/o_o/pt_1867412_5623550.JPG
Toyota Hilux CD 4x4 Diesel,2022 120000 Kms.,Negociable,$ 46.900,Toyota,Hilux CD 4x4 Diesel,,,,,,,,,,,,,,
2015 · Kia Sportage,2015190000 Kms · Quito,Negociable,$ 16.500,Kia,Sportage,,,,,,,,,,,,,,
2022 · Toyota Hilux CD 4X4,202212000 Kms · Ambato,Negociable,$ 40.990,Toyota,Hilux CD 4X4,,,,,,,,,,,,,,
Ford F150 Lariat,2015 0 Kms.,Negociable,$ 34.900,Ford,F150 Lariat,Camioneta Doble Cabina,77000 Millas,Aire Acondicionado,4 x 4,Blanco,4,Eléctricos,Automática,Electrónica,3500,Cuero,Gasolina,Azuay,https://images.patiotuerca.com/thumbs/w/990x540xC/amz_ptf_ecuador/20241126/1867412/o_o/pt_1867412_5623550.JPG
Toyota Hilux CD 4x4 Diesel,2022 120000 Kms.,Negociable,$ 46.900,Toyota,Hilux CD 4x4 Diesel,,,,,,,,,,,,,,
Nissan Rogue,2009 115000 Kms.,Negociable,$ 9.300,Nissan,Rogue,Todoterreno,115000 Kms,Aire Acondicionado,4 x 4,Negro,4,Eléctricos,Automática,Hidráulica,2.500,Tela,Gasolina,Pichincha,https://images.patiotuerca.com/thumbs/w/990x540xC/amz_ptf_ecuador/2025121/1876765/o_o/pt_1876765_7200436.jpeg
Chevrolet Silverado,2010 86000 Mi.,Negociable,$ 16.900,Chevrolet,Silverado,Camioneta Doble Cabina,86000 Millas,Aire Acondicionado,4 x 2,Negro,6,Eléctricos,Automática,Hidráulica,5600,Cuero,Híbrido,Pichincha,https://images.patiotuerca.com/thumbs/w/990x540xC/amz_ptf_ecuador/16102024/1860014/o_o/1860014_1729121204399_983.jpg
Foton TUNLAND G,2023 92000 Kms.,Negociable,$ 20.900,Foton,TUNLAND G,,,,,,,,,,,,,,
Nissan X-Trail,2014 152000 Kms.,Negociable,$ 13.400,Nissan,X-Trail,,,,,,,,,,,,,,
Mitsubishi Outlander,2014 158000 Kms.,Negociable,$ 15.600,Mitsubishi,Outlander,Todoterreno,158000 Kms,Aire Acondicionado,4 x 4,Plata,8,Eléctricos,Automática,Electrónica,3000,Tela,Gasolina,Pichincha,https://images.patiotuerca.com/thumbs/w/990x540xC/amz_ptf_ecuador/20241211/1870427/o_o/pt_1870427_7676274.jpg
Mitsubishi Outlander Sport,2014 158000 Kms.,Negociable,$ 15.600,Mitsubishi,Outlander Sport,Todoterreno Ligero,158000 Kms,Aire Acondicionado,4 x 4,Plata,8,Eléctricos,Automática,Hidráulica,3000,Tela,Gasolina,Pichincha,https://images.patiotuerca.com/thumbs/w/990x540xC/amz_ptf_ecuador/20241211/1870428/o_o/pt_1870428_7802098.jpg
Ford Explorer 5P,1999 109000 Kms.,Negociable,$ 8.400,Ford,Explorer 5P,Todoterreno,109000 Kms,Aire Acondicionado,4 x 2,Vino,6,Eléctricos,Manual,Hidráulica,4000,Tela,Gasolina,Pichincha,https://images.patiotuerca.com/thumbs/w/990x540xC/amz_ptf_ecuador/202516/1873699/o_o/pt_1873699_5813864.jpg
Chevrolet Silverado Hibrido,2010 86000 Mi.,Negociable,$ 16.900,Chevrolet,Silverado Hibrido,,,,,,,,,,,,,,
Hyundai Tucson,2012 167000 Kms.,Negociable,$ 13.900,Hyundai,Tucson,Todoterreno,167000 Kms,Aire Acondicionado,4 x 2,Plata,7,Eléctricos,Automática,Electrónica,2000,Tela,Gasolina,Pichincha,https://images.patiotuerca.com/thumbs/w/990x540xC/amz_ptf_ecuador/202518/1874244/o_o/pt_1874244_8703647.jpg
Ford Explorer,2018 80000 Kms.,Negociable,$ 31.900,Ford,Explorer,,,,,,,,,,,,,,
Ford Explorer XLT,2018 80000 Kms.,Negociable,$ 31.900,Ford,Explorer XLT,,,,,,,,,,,,,,
Suzuki VITARA GL PLUS,2022 86600 Kms.,Negociable,$ 18.600,Suzuki,VITARA GL PLUS,Todoterreno,86600 Kms,Aire Acondicionado,4 x 2,Azul,1,Eléctricos,Manual,Electrónica,1600,Tela,Gasolina,Pichincha,https://images.patiotuerca.com/thumbs/w/990x540xC/amz_ptf_ecuador/18102024/1860382/o_o/1860382_1729256218280_654.jpg
Suzuki Vitara,2022 86600 Kms.,Negociable,$ 18.600,Suzuki,Vitara,Crossover,86600 Kms,Aire Acondicionado,4 x 2,Azul,1,Eléctricos,Manual,Electrónica,1600,Tela,Gasolina,Pichincha,https://images.patiotuerca.com/thumbs/w/990x540xC/amz_ptf_ecuador/18102024/1860381/o_o/1860381_1729256111680_764.jpg
Kia Stonic,2024 20000 Kms.,Negociable,$ 17.900,Kia,Stonic,Crossover,20000 Kms,Aire Acondicionado,4 x 2,Rojo,7,Eléctricos,Manual,Electrónica,1000,Tela,Gasolina,Pichincha,https://images.patiotuerca.com/thumbs/w/990x540xC/amz_ptf_ecuador/2025115/1875651/o_o/pt_1875651_5793345.jpg
Kia Stonic LX,2024 20000 Kms.,Negociable,$ 17.900,Kia,Stonic LX,Crossover,20000 Kms,Aire Acondicionado,4 x 2,Rojo,7,Eléctricos,Manual,Electrónica,1000,Tela,Gasolina,Pichincha,https://images.patiotuerca.com/thumbs/w/990x540xC/amz_ptf_ecuador/2025115/1875652/o_o/pt_1875652_5910571.jpg
Mazda CX-5,2019 138000 Kms.,Negociable,$ 22.400,Mazda,CX-5,SUV,138000 Kms,Aire Acondicionado,4 x 2,Rojo,6,Eléctricos,Automática,Electrónica,2000,Tela,Gasolina,Pichincha,https://images.patiotuerca.com/thumbs/w/990x540xC/amz_ptf_ecuador/2025116/1875949/o_o/pt_1875949_432731.jpg
Mazda CX- 5 CORE,2019 138000 Kms.,Negociable,$ 22.400,Mazda,CX- 5 CORE,SUV,138000 Kms,Aire Acondicionado,4 x 2,Rojo,6,Eléctricos,Automática,Electrónica,2000,Tela,Gasolina,Pichincha,https://images.patiotuerca.com/thumbs/w/990x540xC/amz_ptf_ecuador/2025116/1875952/o_o/pt_1875952_588108.jpg
Toyota Fortuner,2024 6300 Kms.,Negociable,$ 66.900,Toyota,Fortuner,Todoterreno,6300 Kms,Aire Acondicionado,4 x 4,Negro,3,Eléctricos,Automática,Electrónica,4000,Cuero,Gasolina,Pichincha,https://images.patiotuerca.com/thumbs/w/990x540xC/amz_ptf_ecuador/2025122/1876888/o_o/pt_1876888_4248560.jpg
Toyota Fortuner 4.0,2024 6300 Kms.,Fijo,$ 66.900,Toyota,Fortuner 4.0,Todoterreno,6300 Kms,Aire Acondicionado,4 x 4,Negro,4,Eléctricos,Automática,Electrónica,4000,Cuero,Gasolina,Pichincha,https://images.patiotuerca.com/thumbs/w/990x540xC/amz_ptf_ecuador/2025122/1876889/o_o/pt_1876889_4495214.jpg
Ford Explorer,2001 304000 Kms.,Negociable,$ 7.900,Ford,Explorer,Todoterreno,304000 Kms,Aire Acondicionado,4 x 4,Rojo,2,Eléctricos,Manual,Hidráulica,4000,Tela,Gasolina,Pichincha,https://images.patiotuerca.com/thumbs/w/990x540xC/amz_ptf_ecuador/2025122/1876890/o_o/pt_1876890_4672947.jpg
Ford Explorer XLT,2001 304000 Kms.,Negociable,$ 7.900,Ford,Explorer XLT,Todoterreno,304000 Kms,Aire Acondicionado,4 x 4,Rojo,2,Eléctricos,Manual,Electrónica,4000,Tela,Gasolina,Pichincha,https://images.patiotuerca.com/thumbs/w/990x540xC/amz_ptf_ecuador/2025122/1876891/o_o/pt_1876891_4817567.jpg
Chevrolet Aveo Emotion,2018 104000 Kms.,Negociable,$ 11.900,Chevrolet,Aveo Emotion,Sedán,104000 Kms,Aire Acondicionado,4 x 2,Plata,0,Eléctricos,Manual,Hidráulica,1600,Tela,Gasolina,Imbabura,https://images.patiotuerca.com/thumbs/w/990x540xC/amz_ptf_ecuador/16102024/1859999/o_o/1859999_1729119677692_879.jpg
Mazda New BT-50,2020 119000 Kms.,Negociable,$ 29.900,Mazda,New BT-50,Camioneta Doble Cabina,119000 Kms,Aire Acondicionado,4 x 4,Plomo,5,Eléctricos,Automática,Asistida,3200,Cuero,Diesel,Pichincha,https://images.patiotuerca.com/thumbs/w/990x540xC/amz_ptf_ecuador/2024102/1857146/o_o/pt_1857146_7396303.jpg
Toyota Hilux,2022 120000 Kms.,Negociable,$ 46.900,Toyota,Hilux,,,,,,,,,,,,,,
Jeep Wrangler,2011 101000 Kms.,Fijo,$ 39.900,Jeep,Wrangler,Todoterreno,101000 Kms,Aire Acondicionado,4 x 4,Azul,2,Eléctricos,Automática,Hidráulica,,Cuero,Gasolina,Pichincha,https://images.patiotuerca.com/thumbs/w/990x540xC/amz_ptf_ecuador/20241125/1867138/o_o/pt_1867138_5765927.jpg
Renault STEPWAY INTENS FASE,2024 17000 Kms.,Negociable,$ 16.900,Renault,STEPWAY INTENS FASE,Station Wagon,17000 Kms,Aire Acondicionado,4 x 2,Plomo,1,Eléctricos,Automática,Electrónica,1600,Tela,Gasolina,Pichincha,https://images.patiotuerca.com/thumbs/w/990x540xC/amz_ptf_ecuador/20241230/1873243/o_o/pt_1873243_232484.jpg
Jeep wrangler unlimited,2011 101000 Kms.,Negociable,$ 39.900,Jeep,wrangler unlimited,Todoterreno,101000 Kms,Aire Acondicionado,4 x 4,Azul,2,Eléctricos,Automática,Electrónica,,Cuero,Gasolina,Pichincha,https://images.patiotuerca.com/thumbs/w/990x540xC/amz_ptf_ecuador/20241125/1867142/o_o/pt_1867142_5909220.jpg
Nissan X-Trail,2014 133000 Kms.,Negociable,$ 13.900,Nissan,X-Trail,Todoterreno,133000 Kms,Aire Acondicionado,4 x 2,Plata,0,Eléctricos,Automática,Electrónica,2500,Tela,Gasolina,Pichincha,https://images.patiotuerca.com/thumbs/w/990x540xC/amz_ptf_ecuador/20241230/1873229/o_o/pt_1873229_8856333.jpg
BMW 328i,2008 176844 Kms.,Negociable,$ 15.900,BMW,328i,Sedán,176844 Kms,Aire Acondicionado,N/A,Negro,7,Eléctricos,Automática,Hidráulica,3000,Cuero,Gasolina,Pichincha,https://images.patiotuerca.com/thumbs/w/990x540xC/amz_ptf_ecuador/2024116/1863655/o_o/pt_1863655_8083596.jpg
Nissan X-Trail,2013 145000 Kms.,Negociable,$ 12.900,Nissan,X-Trail,,,,,,,,,,,,,,
Changan HUNTER,2024 30000 Kms.,Negociable,$ 26.600,Changan,HUNTER,Camioneta Doble Cabina,30000 Kms,Aire Acondicionado,4 x 4,Plata,4,Eléctricos,Manual,Electrónica,1900,Tela,Diesel,Pichincha,https://images.patiotuerca.com/thumbs/w/990x540xC/amz_ptf_ecuador/202516/1873691/o_o/pt_1873691_4988663.jpg
Ford Territory,2022 56000 Kms.,Negociable,$ 21.900,Ford,Territory,Todoterreno,56000 Kms,Aire Acondicionado,4 x 2,Celeste,8,Eléctricos,Automática,Electrónica,1500,Tela,Gasolina,Pichincha,https://images.patiotuerca.com/thumbs/w/990x540xC/amz_ptf_ecuador/202516/1873700/o_o/pt_1873700_5937687.jpg
Ford TERRITORY TREND,2022 56000 Kms.,Negociable,$ 21.900,Ford,TERRITORY TREND,Crossover,56000 Kms,Aire Acondicionado,4 x 2,Celeste,8,Eléctricos,Automática,Electrónica,1500,Tela,Gasolina,Pichincha,https://images.patiotuerca.com/thumbs/w/990x540xC/amz_ptf_ecuador/202516/1873701/o_o/pt_1873701_6060269.jpg
2019 · Chevrolet BEAT PREMIER,201992829 Kms · Quito,Negociable,$ 10.300,Chevrolet,BEAT PREMIER,Sedán,92829 Kms,Aire Acondicionado,4 x 2,Blanco,2,Eléctricos,Manual,Electrónica,1200,Tela,Gasolina,Pichincha,https://images.patiotuerca.com/thumbs/w/990x540xC/amz_ptf_ecuador/2025118/1876286/o_o/pt_1876286_6817839.jpeg
2019 · Mercedes Benz C200,201951038 Kms · Guayaquil,Fijo,$ 35.500,Mercedes Benz,C200,Sedán,51038 Kms,Climatizador Bi-Zona,4 x 2,Azul,2,Eléctricos,Automática,Asistida,2000,Cuero,Gasolina,Guayas,https://images.patiotuerca.com/thumbs/w/990x540xC/amz_ptf_ecuador/2024527/1829391/o_o/pt_1829391_3775082.jpg
Changan HUNTER,2024 30000 Kms.,Negociable,$ 26.600,Changan,HUNTER,Camioneta Doble Cabina,30000 Kms,Aire Acondicionado,4 x 4,Plata,4,Eléctricos,Manual,Electrónica,1900,Tela,Diesel,Pichincha,https://images.patiotuerca.com/thumbs/w/990x540xC/amz_ptf_ecuador/202516/1873691/o_o/pt_1873691_4988663.jpg
Ford Territory,2022 56000 Kms.,Negociable,$ 21.900,Ford,Territory,Todoterreno,56000 Kms,Aire Acondicionado,4 x 2,Celeste,8,Eléctricos,Automática,Electrónica,1500,Tela,Gasolina,Pichincha,https://images.patiotuerca.com/thumbs/w/990x540xC/amz_ptf_ecuador/202516/1873700/o_o/pt_1873700_5937687.jpg
Ford TERRITORY TREND,2022 56000 Kms.,Negociable,$ 21.900,Ford,TERRITORY TREND,Crossover,56000 Kms,Aire Acondicionado,4 x 2,Celeste,8,Eléctricos,Automática,Electrónica,1500,Tela,Gasolina,Pichincha,https://images.patiotuerca.com/thumbs/w/990x540xC/amz_ptf_ecuador/202516/1873701/o_o/pt_1873701_6060269.jpg
Mazda CX-9,2014 149000 Kms.,Negociable,$ 18.600,Mazda,CX-9,Todoterreno,149000 Kms,Aire Acondicionado,4 x 4,Verde,1,Eléctricos,Automática,Electrónica,3700,Cuero,Gasolina,Pichincha,https://images.patiotuerca.com/thumbs/w/990x540xC/amz_ptf_ecuador/202516/1873708/o_o/pt_1873708_7061672.jpg
Mazda CX-9 TOP GRADE,2014 149000 Kms.,Negociable,$ 18.600,Mazda,CX-9 TOP GRADE,Todoterreno,149000 Kms,Aire Acondicionado,4 x 4,Verde,1,Eléctricos,Automática,Hidráulica,3700,Cuero,Gasolina,Pichincha,https://images.patiotuerca.com/thumbs/w/990x540xC/amz_ptf_ecuador/202516/1873709/o_o/pt_1873709_7221924.jpg
Chevrolet Aveo Emotion Advance,2018 104000 Kms.,Negociable,$ 11.900,Chevrolet,Aveo Emotion Advance,,,,,,,,,,,,,,
Volkswagen New Beetle,2009 103000 Kms.,Negociable,$ 13.600,Volkswagen,New Beetle,Hatchback (3 Puertas),103000 Kms,Aire Acondicionado,N/A,Plomo,4,Eléctricos,Manual,Electrónica,,Tela,Gasolina,Pichincha,https://images.patiotuerca.com/thumbs/w/990x540xC/amz_ptf_ecuador/2025120/1876440/o_o/pt_1876440_3187932.jpg
Volkswagen Beetle,2009 103000 Kms.,Negociable,$ 13.600,Volkswagen,Beetle,Coupé,103000 Kms,Aire Acondicionado,4 x 2,Plomo,4,Eléctricos,Manual,Electrónica,,Tela,Gasolina,Pichincha,https://images.patiotuerca.com/thumbs/w/990x540xC/amz_ptf_ecuador/2025120/1876447/o_o/pt_1876447_3871044.jpg
Audi A5,2008 96000 Kms.,Negociable,$ 21.900,Audi,A5,Sedán,96000 Kms,Aire Acondicionado,4 x 2,Dorado,5,Eléctricos,Automática,Electrónica,3200,Tela,Gasolina,Pichincha,https://images.patiotuerca.com/thumbs/w/990x540xC/amz_ptf_ecuador/2025120/1876449/o_o/pt_1876449_4044596.jpg
Great Wall Haval H5,2013 163726 Kms.,Negociable,$ 9.900,Great Wall,Haval H5,Todoterreno,163726 Kms,Aire Acondicionado,4 x 2,Plata,0,Eléctricos,Manual,Hidráulica,2400,Tela,Gasolina,Pichincha,https://images.patiotuerca.com/thumbs/w/990x540xC/amz_ptf_ecuador/2025124/1877336/o_o/pt_1877336_364904.jpeg
Nissan X-Trail Classic,2013 145000 Kms.,Negociable,$ 12.900,Nissan,X-Trail Classic,Todoterreno,145000 Kms,Aire Acondicionado,4 x 2,Plata,4,Eléctricos,Automática,Electrónica,2500,Tela,Gasolina,Pichincha,https://images.patiotuerca.com/thumbs/w/990x540xC/amz_ptf_ecuador/8112024/1864082/o_o/1864082_1731083194240_739.jpg
Ford F150 LARIAT SC ECOBOOST AC 3.5 CD,2015 0 Kms.,Negociable,$ 34.900,Ford,F150 LARIAT SC ECOBOOST AC 3.5 CD,Camioneta Doble Cabina,77000 Millas,Aire Acondicionado,4 x 4,Blanco,4,Eléctricos,Automática,Hidráulica,3500,Cuero,Gasolina,Azuay,https://images.patiotuerca.com/thumbs/w/990x540xC/amz_ptf_ecuador/20241126/1867413/o_o/pt_1867413_5808704.JPG
Ford Explorer,2017 0 Kms.,Negociable,$ 31.900,Ford,Explorer,Todoterreno,57000 Millas,Aire Acondicionado,4 x 4,Blanco,3,Eléctricos,Automática,Electrónica,3500,Cuero,Gasolina,Pichincha,https://images.patiotuerca.com/thumbs/w/990x540xC/amz_ptf_ecuador/20241126/1867415/o_o/pt_1867415_6171695.JPG
Kia Optima,2017 0 Kms.,Negociable,$ 15.900,Kia,Optima,Sedán,70000 Millas,Aire Acondicionado,4 x 2,Plata,8,Eléctricos,Automática,Electrónica,2000,Cuero,Híbrido,Pichincha,https://images.patiotuerca.com/thumbs/w/990x540xC/amz_ptf_ecuador/20241129/1868193/o_o/pt_1868193_7065842.jpg
Chevrolet D-MAX,2022 40000 Kms.,Negociable,$ 26.900,Chevrolet,D-MAX,Camioneta Doble Cabina,40000 Kms,Aire Acondicionado,4 x 2,Plomo,8,Eléctricos,Manual,Electrónica,2500,Tela,Diesel,Pichincha,https://images.patiotuerca.com/thumbs/w/990x540xC/amz_ptf_ecuador/2024127/1869557/o_o/pt_1869557_7065169.jpg
Chevrolet D-MAX CRDI 2.5 CD 4X2 TM DIESEL,2022 40000 Kms.,Negociable,$ 26.900,Chevrolet,D-MAX CRDI 2.5 CD 4X2 TM DIESEL,Camioneta Doble Cabina,40000 Kms,Aire Acondicionado,4 x 2,Plomo,8,Eléctricos,Manual,Electrónica,2500,Tela,Gasolina,Pichincha,https://images.patiotuerca.com/thumbs/w/990x540xC/amz_ptf_ecuador/2024127/1869558/o_o/pt_1869558_7171440.jpg
Chevrolet D-MAX CRDI 2.5 CD 4X2 TM DIESEL,2023 53000 Kms.,Negociable,$ 25.400,Chevrolet,D-MAX CRDI 2.5 CD 4X2 TM DIESEL,Camioneta Doble Cabina,53000 Kms,Aire Acondicionado,4 x 2,Blanco,5,Eléctricos,Manual,Electrónica,2500,Tela,Diesel,Manabí,https://images.patiotuerca.com/thumbs/w/990x540xC/amz_ptf_ecuador/20241215/1871095/o_o/pt_1871095_461043.jpg
Kia New Sportage GT Line,2023 42000 Kms.,Negociable,$ 29.900,Kia,New Sportage GT Line,Todoterreno,42000 Kms,Aire Acondicionado,4 x 2,Rojo,4,Eléctricos,Automática,Electrónica,2000,Tela,Gasolina,Pichincha,https://images.patiotuerca.com/thumbs/w/990x540xC/amz_ptf_ecuador/20241220/1872145/o_o/pt_1872145_8646796.jpg
Toyota Corolla 1.8,2020 65000 Kms.,Negociable,$ 19.900,Toyota,Corolla 1.8,Sedán,65000 Kms,Aire Acondicionado,4 x 2,Rojo,8,Eléctricos,Automática,Electrónica,1800,Cuero,Híbrido,Tungurahua,https://images.patiotuerca.com/thumbs/w/990x540xC/amz_ptf_ecuador/20241220/1872143/o_o/pt_1872143_8516151.jpg
Renault captur,2020 75000 Kms.,Negociable,$ 16.900,Renault,captur,Crossover,75000 Kms,Aire Acondicionado,4 x 2,Plomo,7,Eléctricos,Automática,Electrónica,2000,Tela,Gasolina,Pichincha,https://images.patiotuerca.com/thumbs/w/990x540xC/amz_ptf_ecuador/20241230/1873223/o_o/pt_1873223_8339468.jpg
Renault CAPTURE INTENS,2020 75000 Kms.,Negociable,$ 16.900,Renault,CAPTURE INTENS,SUV,75000 Kms,Aire Acondicionado,4 x 2,Plomo,7,Eléctricos,Automática,Electrónica,2000,Tela,Gasolina,Pichincha,https://images.patiotuerca.com/thumbs/w/990x540xC/amz_ptf_ecuador/20241230/1873224/o_o/pt_1873224_8449612.jpg
Ford Explorer,1999 109000 Kms.,Negociable,$ 8.400,Ford,Explorer,Todoterreno,109000 Kms,Aire Acondicionado,4 x 2,Vino,6,Eléctricos,Manual,Hidráulica,4000,Tela,Gasolina,Pichincha,https://images.patiotuerca.com/thumbs/w/990x540xC/amz_ptf_ecuador/202516/1873697/o_o/pt_1873697_5623437.jpg
Jeep Compass,2018 45000 Kms.,Fijo,$ 22.400,Jeep,Compass,Todoterreno,45000 Kms,Aire Acondicionado,4 x 2,Azul,1,Eléctricos,Automática,Electrónica,2400,Tela,Gasolina,Pichincha,https://images.patiotuerca.com/thumbs/w/990x540xC/amz_ptf_ecuador/202516/1873702/o_o/pt_1873702_6267449.jpg
Jeep Compass Sport,2018 45000 Kms.,Negociable,$ 22.400,Jeep,Compass Sport,Todoterreno,45000 Kms,Aire Acondicionado,4 x 2,Azul,1,Eléctricos,Automática,Electrónica,2400,Tela,Gasolina,Pichincha,https://images.patiotuerca.com/thumbs/w/990x540xC/amz_ptf_ecuador/202516/1873704/o_o/pt_1873704_6421350.jpg
Shineray SWM G03,2024 27000 Kms.,Negociable,$ 14.400,Shineray,SWM G03,Todoterreno Ligero,27000 Kms,Aire Acondicionado,4 x 2,Verde,7,Eléctricos,Manual,Electrónica,1500,Tela,Gasolina,Imbabura,https://images.patiotuerca.com/thumbs/w/990x540xC/amz_ptf_ecuador/202516/1873717/o_o/pt_1873717_8443993.jpg
Hyundai Tucson IX,2012 167000 Kms.,Negociable,$ 13.900,Hyundai,Tucson IX,Todoterreno,167000 Kms,Aire Acondicionado,4 x 2,Plata,7,Eléctricos,Automática,Electrónica,2000,Tela,Gasolina,Pichincha,https://images.patiotuerca.com/thumbs/w/990x540xC/amz_ptf_ecuador/202518/1874245/o_o/pt_1874245_8814208.jpg
Audi A5 3.2 FSI,2008 96000 Kms.,Negociable,$ 21.900,Audi,A5 3.2 FSI,Coupé,96000 Kms,Aire Acondicionado,4 x 2,Dorado,5,Eléctricos,Automática,Electrónica,3200,Tela,Gasolina,Pichincha,https://images.patiotuerca.com/thumbs/w/990x540xC/amz_ptf_ecuador/2025120/1876452/o_o/pt_1876452_4179520.jpg
Hyundai Kona,2024 16000 Kms.,Negociable,$ 24.900,Hyundai,Kona,Todoterreno Ligero,16000 Kms,Aire Acondicionado,4 x 2,Plomo,5,Eléctricos,Automática,Electrónica,1600,Tela,Híbrido,Pichincha,https://images.patiotuerca.com/thumbs/w/990x540xC/amz_ptf_ecuador/2025120/1876559/o_o/pt_1876559_3539889.jpg
Kia Sportage,2015 167000 Kms.,Negociable,$ 13.900,Kia,Sportage,,,,,,,,,,,,,,
Ford Escape S,2015 102000 Mi.,Negociable,$ 13.900,Ford,Escape S,,,,,,,,,,,,,,
Chevrolet D-MAX,2023 53000 Kms.,Negociable,$ 25.400,Chevrolet,D-MAX,Camioneta Doble Cabina,53000 Kms,Aire Acondicionado,4 x 2,Blanco,5,Eléctricos,Manual,Electrónica,2500,Tela,Diesel,Manabí,https://images.patiotuerca.com/thumbs/w/990x540xC/amz_ptf_ecuador/20241215/1871094/o_o/pt_1871094_294674.jpg
Kia Sportage GT,2023 42000 Kms.,Negociable,$ 29.900,Kia,Sportage GT,Todoterreno Ligero,42000 Kms,Aire Acondicionado,4 x 2,Rojo,4,Eléctricos,Automática,Electrónica,2000,Tela,Gasolina,Pichincha,https://images.patiotuerca.com/thumbs/w/990x540xC/amz_ptf_ecuador/20241220/1872147/o_o/pt_1872147_8800201.jpg
Ford Ecosport,2020 0 Kms.,Negociable,$ 17.600,Ford,Ecosport,SUV,28000 Millas,Aire Acondicionado,4 x 2,Plata,1,Eléctricos,Automática,Electrónica,2000,Tela,Gasolina,Pichincha,https://images.patiotuerca.com/thumbs/w/990x540xC/amz_ptf_ecuador/20241221/1872266/o_o/pt_1872266_7253387.jpg
Hyundai GRAN I10,2023 10600 Kms.,Negociable,$ 14.900,Hyundai,GRAN I10,,,,,,,,,,,,,,
Ford Ecosport Titanium,2020 0 Kms.,Negociable,$ 17.600,Ford,Ecosport Titanium,Todoterreno,28000 Millas,Aire Acondicionado,4 x 2,Plata,1,Eléctricos,Automática,Electrónica,2000,Tela,Gasolina,Pichincha,https://images.patiotuerca.com/thumbs/w/990x540xC/amz_ptf_ecuador/20241221/1872267/o_o/pt_1872267_7362812.jpg
2013 · Land Rover Range Rover Evoque,2013119000 Millas · Riobamba,Negociable,$ 29.500,Land Rover,Range Rover Evoque,Todoterreno,119000 Millas,Climatizador,AWD,Azul,9,Eléctricos,Automática,Hidráulica,2000,Cuero,Gasolina,Pichincha,https://images.patiotuerca.com/thumbs/w/990x540xC/amz_ptf_ecuador/2025121/1876822/o_o/pt_1876822_1931205.jpeg
2023 · Chery TIGGO 2 PRO,202318505 Kms · Quito,Fijo,$ 13.900,Chery,TIGGO 2 PRO,SUV,18505 Kms,Aire Acondicionado,4 x 2,Plata,9,Eléctricos,Manual,Asistida,1500,Cuero,Gasolina,Pichincha,https://images.patiotuerca.com/thumbs/w/990x540xC/amz_ptf_ecuador/20241219/1871932/o_o/pt_1871932_9502259.jpeg
Mitsubishi ASX,2013 70000 Kms.,Negociable,$ 15.900,Mitsubishi,ASX,Todoterreno,70000 Kms,Aire Acondicionado,4 x 2,Blanco,4,Eléctricos,Automática,Electrónica,2000,Tela,Gasolina,Pichincha,https://images.patiotuerca.com/thumbs/w/990x540xC/amz_ptf_ecuador/20241226/1872669/o_o/pt_1872669_2752809.jpg
Chevrolet Captiva,2023 29460 Kms.,Negociable,$ 17.900,Chevrolet,Captiva,Todoterreno,29460 Kms,Aire Acondicionado,4 x 2,Rojo,2,Eléctricos,Automática,Electrónica,1500,Cuero,Gasolina,Pichincha,https://images.patiotuerca.com/thumbs/w/990x540xC/amz_ptf_ecuador/20241230/1873216/o_o/pt_1873216_7723998.jpg
Chevrolet CAPTIVA LT TURBO,2023 29000 Kms.,Negociable,$ 17.900,Chevrolet,CAPTIVA LT TURBO,Todoterreno,29000 Kms,Aire Acondicionado,4 x 2,Vino,2,Eléctricos,Automática,Electrónica,1500,Cuero,Gasolina,Pichincha,https://images.patiotuerca.com/thumbs/w/990x540xC/amz_ptf_ecuador/20241230/1873217/o_o/pt_1873217_7854868.jpg
Jeep New Compass Sport,2018 0 Kms.,Negociable,$ 21.400,Jeep,New Compass Sport,SUV,41000 Millas,Aire Acondicionado,4 x 2,Blanco,4,Eléctricos,Automática,Electrónica,2400,Cuero,Gasolina,Pichincha,https://images.patiotuerca.com/thumbs/w/990x540xC/amz_ptf_ecuador/20241230/1873218/o_o/pt_1873218_8037185.jpg
Jeep Compass Sport,2018 0 Kms.,Negociable,$ 21.400,Jeep,Compass Sport,Todoterreno,41000 Millas,Aire Acondicionado,4 x 2,Blanco,4,Eléctricos,Automática,Electrónica,2400,Cuero,Gasolina,Pichincha,https://images.patiotuerca.com/thumbs/w/990x540xC/amz_ptf_ecuador/20241230/1873221/o_o/pt_1873221_8157170.jpg
Ford Escape,2015 163200 Kms.,Negociable,$ 13.900,Ford,Escape,,,,,,,,,,,,,,
Kia Stonic,2024 15674 Kms.,Negociable,$ 17.900,Kia,Stonic,Crossover,15674 Kms,Aire Acondicionado,4 x 2,Azul,0,Eléctricos,Manual,Hidráulica,1000,Tela,Gasolina,Tungurahua,https://images.patiotuerca.com/thumbs/w/990x540xC/amz_ptf_ecuador/2025124/1877327/o_o/pt_1877327_9548947.jpeg
Toyota TOYOTA NEW HILUX SR 2.7 CD 4X4,2019 195000 Kms.,Negociable,$ 32.900,Toyota,TOYOTA NEW HILUX SR 2.7 CD 4X4,Camioneta Doble Cabina,195000 Kms,Aire Acondicionado,4 x 4,Blanco,8,Eléctricos,Manual,Asistida,2700,Tela,Gasolina,Pichincha,https://images.patiotuerca.com/thumbs/w/990x540xC/amz_ptf_ecuador/2412025/1877383/o_o/1877383_1737736371162_872.jpg
Nissan Qashqai sense,2019 95000 Kms.,Negociable,$ 19.400,Nissan,Qashqai sense,SUV,95000 Kms,Aire Acondicionado,4 x 2,Blanco,0,Eléctricos,Manual,Asistida,2000,Tela,Gasolina,Pichincha,https://images.patiotuerca.com/thumbs/w/990x540xC/amz_ptf_ecuador/2025124/1877319/o_o/pt_1877319_7249009.jpg
Chevrolet Tracker LS,2018 151000 Kms.,Negociable,$ 14.900,Chevrolet,Tracker LS,,,,,,,,,,,,,,
Ford F150 XLT 4X4,2020 0 Kms.,Negociable,$ 38.900,Ford,F150 XLT 4X4,Todoterreno,77000 Millas,Aire Acondicionado,4 x 4,Negro,4,Eléctricos,Automática,Electrónica,3300,Tela,Gasolina,Pichincha,https://images.patiotuerca.com/thumbs/w/990x540xC/amz_ptf_ecuador/2025124/1877316/o_o/pt_1877316_6820068.jpg
Kia picanto pro,2022 51123 Kms.,Negociable,$ 12.800,Kia,picanto pro,Hatchback (3 Puertas),51123 Kms,Aire Acondicionado,4 x 2,Gris,8,Eléctricos,Manual,Hidráulica,1000,Tela,Gasolina,Pichincha,https://images.patiotuerca.com/thumbs/w/990x540xC/amz_ptf_ecuador/2412025/1877365/o_o/1877365_1737734084926_465.jpg
Chevrolet Captiva Sport,2016 107000 Kms.,Negociable,$ 11.400,Chevrolet,Captiva Sport,Todoterreno,107000 Kms,Aire Acondicionado,4 x 2,Plata,3,Eléctricos,Automática,Electrónica,3000,Cuero,Gasolina,Pichincha,https://images.patiotuerca.com/thumbs/w/990x540xC/amz_ptf_ecuador/2025124/1877377/o_o/pt_1877377_5249163.jpg
Kia Soluto,2023 55000 Kms.,Negociable,$ 14.400,Kia,Soluto,Sedán,55000 Kms,Aire Acondicionado,4 x 2,Azul,4,Eléctricos,Manual,Asistida,1400,Tela,Gasolina,Pichincha,https://images.patiotuerca.com/thumbs/w/990x540xC/amz_ptf_ecuador/2025124/1877311/o_o/pt_1877311_5685334.jpg
Chevrolet Captiva,2016 107000 Kms.,Negociable,$ 11.400,Chevrolet,Captiva,Todoterreno,107000 Kms,Aire Acondicionado,4 x 2,Plata,3,Eléctricos,Automática,Electrónica,3000,Cuero,Gasolina,Pichincha,https://images.patiotuerca.com/thumbs/w/990x540xC/amz_ptf_ecuador/2025124/1877375/o_o/pt_1877375_5042628.jpg
Peugeot BERLINA 206 XS,2006 198000 Kms.,Negociable,$ 7.900,Peugeot,BERLINA 206 XS,,,,,,,,,,,,,,
Toyota Fortuner,2013 205000 Kms.,Negociable,$ 22.900,Toyota,Fortuner,,,,,,,,,,,,,,
Nissan Versa,2019 20000 Kms.,Negociable,$ 14.900,Nissan,Versa,,,,,,,,,,,,,,
Jetour X70 II MT 1.5T,2022 96000 Kms.,Negociable,$ 16.900,Jetour,X70 II MT 1.5T,,,,,,,,,,,,,,
Nissan X-Trail Sense,2017 54921 Kms.,Negociable,$ 18.900,Nissan,X-Trail Sense,,,,,,,,,,,,,,
Toyota RAV 4,2023 46200 Kms.,Negociable,$ 36.900,Toyota,RAV 4,,,,,,,,,,,,,,
Hyundai Kona,2023 4000 Kms.,Negociable,$ 22.900,Hyundai,Kona,Otro,4000 Kms,Aire Acondicionado,4 x 2,Azul,9,Eléctricos,Automática,Hidráulica,1600,Cuero,Gasolina,Azuay,https://images.patiotuerca.com/thumbs/w/990x540xC/amz_ptf_ecuador/20122024/1872098/o_o/1872098_1737731787563_922.jpg
Mazda BT-50 CD 4x2,2016 174000 Kms.,Negociable,$ 16.500,Mazda,BT-50 CD 4x2,,,,,,,,,,,,,,
Citroen C3,2024 11000 Kms.,Negociable,$ 17.600,Citroen,C3,,,,,,,,,,,,,,
Citroen C3 Feel,2024 11000 Kms.,Negociable,$ 17.600,Citroen,C3 Feel,,,,,,,,,,,,,,
Suzuki Grand Vitara SZ,2018 81555 Kms.,Fijo,$ 14.200,Suzuki,Grand Vitara SZ,,,,,,,,,,,,,,
Chevrolet Grand Vitara 5P 4X4,2002 220000 Kms.,Fijo,$ 5.900,Chevrolet,Grand Vitara 5P 4X4,,,,,,,,,,,,,,
Ford TERRITORY TREND,2023 16000 Kms.,Negociable,$ 24.900,Ford,TERRITORY TREND,Crossover,16000 Kms,Aire Acondicionado,N/A,Rojo,5,Eléctricos,Automática,Electrónica,15000,Tela,Gasolina,Pichincha,https://images.patiotuerca.com/thumbs/w/990x540xC/amz_ptf_ecuador/2025124/1877349/o_o/pt_1877349_1859187.jpg
Ford Territory,2023 16000 Kms.,Negociable,$ 24.900,Ford,Territory,Todoterreno,16000 Kms,Aire Acondicionado,4 x 2,Rojo,5,Eléctricos,Automática,Electrónica,1500,Tela,Gasolina,Pichincha,https://images.patiotuerca.com/thumbs/w/990x540xC/amz_ptf_ecuador/2025124/1877347/o_o/pt_1877347_1695805.jpg
Chevrolet Spark GT,2019 73952 Kms.,Negociable,$ 11.400,Chevrolet,Spark GT,Hatchback (5 Puertas),73952 Kms,Aire Acondicionado,N/A,Azul,0,Eléctricos,Manual,Electrónica,1200,Tela,Gasolina,Pichincha,https://images.patiotuerca.com/thumbs/w/990x540xC/amz_ptf_ecuador/2025124/1877346/o_o/pt_1877346_1545396.jpg
Chevrolet Spark,2019 73952 Kms.,Negociable,$ 11.400,Chevrolet,Spark,Hatchback (5 Puertas),73952 Kms,Aire Acondicionado,N/A,Azul,0,Eléctricos,Manual,Electrónica,12000,Tela,Gasolina,Pichincha,https://images.patiotuerca.com/thumbs/w/990x540xC/amz_ptf_ecuador/2025124/1877343/o_o/pt_1877343_1426263.jpg
Mercedes Benz CLA 200,2017 56000 Kms.,Negociable,$ 31.900,Mercedes Benz,CLA 200,Sedán,56000 Kms,Climatizador Bi-Zona,4 x 2,Negro,7,Eléctricos,Automática,Asistida,1600,Tela,Gasolina,Pichincha,https://images.patiotuerca.com/thumbs/w/990x540xC/amz_ptf_ecuador/12112024/1864786/o_o/1864786_1731437654322_372.jpg
Volkswagen T-Cross Highline,2023 24000 Kms.,Negociable,$ 24.600,Volkswagen,T-Cross Highline,SUV,24000 Kms,Aire Acondicionado,4 x 2,Negro,9,Eléctricos,Automática,Asistida,1600,Cuero,Gasolina,Pichincha,https://images.patiotuerca.com/thumbs/w/990x540xC/amz_ptf_ecuador/2122024/1868473/o_o/1868473_1733146979942_33.jpg
Hyundai Grand I10 HB,2024 9500 Kms.,Negociable,$ 15.900,Hyundai,Grand I10 HB,,,,,,,,,,,,,,
Honda Pilot EX-L,2020 40000 Kms.,Negociable,$ 45.900,Honda,Pilot EX-L,Todoterreno,40000 Kms,Aire Acondicionado,4 x 4,Plata,5,Eléctricos,Automática,Electrónica,3500,Cuero,Gasolina,Pichincha,https://images.patiotuerca.com/thumbs/w/990x540xC/amz_ptf_ecuador/9122024/1869705/o_o/1869705_1733761391377_737.jpg
2003 · Ford F150 XLT lariat flareside,2003400000 Kms · Sangolqui,Negociable,$ 7.000,Ford,F150 XLT lariat flareside,Camioneta Cabina y Media,400000 Kms,Aire Acondicionado,4 x 4,Rojo,2,Eléctricos delanteros,Automática,Hidráulica,5400,Cuero,Gasolina,Pichincha,https://images.patiotuerca.com/thumbs/w/990x540xC/amz_ptf_ecuador/2024227/1809358/o_o/pt_1809358_50707.jpeg
2020 · Kia Soluto LX,20206000 Kms · Quito,Negociable,$ 13.400,Kia,Soluto LX,Sedán,6000 Kms,Aire Acondicionado,4 x 2,Rojo,6,Eléctricos,Manual,Hidráulica,1.4,Tela,Gasolina,Pichincha,https://images.patiotuerca.com/thumbs/w/990x540xC/amz_ptf_ecuador/2025123/1877193/o_o/pt_1877193_8003905.jpeg
Chery Tiggo 8 pro,2023 36000 Kms.,Negociable,$ 17.400,Chery,Tiggo 8 pro,Todoterreno,36000 Kms,Aire Acondicionado,4 x 2,Rojo,9,Eléctricos,Automática,Asistida,2000,Cuero,Gasolina,Guayas,https://images.patiotuerca.com/thumbs/w/990x540xC/amz_ptf_ecuador/2112025/1876652/o_o/1876652_1737461641349_1.jpg
Toyota Fortuner 2.7,2017 97000 Kms.,Negociable,$ 31.900,Toyota,Fortuner 2.7,Todoterreno,97000 Kms,Aire Acondicionado,4 x 4,Negro,5,Eléctricos,Manual,Asistida,2700,Cuero,Gasolina,Pichincha,https://images.patiotuerca.com/thumbs/w/990x540xC/amz_ptf_ecuador/2112025/1876865/o_o/1876865_1737520802278_453.jpg
Chery Tiggo 7 PRO,2024 21000 Kms.,Negociable,$ 18.900,Chery,Tiggo 7 PRO,,,,,,,,,,,,,,
Ram DS 1500,2019 47000 Mi.,Negociable,$ 42.900,Ram,DS 1500,Camioneta Cabina Simple,47000 Millas,Aire Acondicionado,4 x 4,Plata,7,Eléctricos,Automática,Hidráulica,3600,Cuero,Gasolina,Pichincha,https://images.patiotuerca.com/thumbs/w/990x540xC/amz_ptf_ecuador/1412025/1875566/o_o/1875566_1736900078772_678.jpg
Ford TERRITORY TREND,2023 12000 Kms.,Negociable,$ 23.900,Ford,TERRITORY TREND,Crossover,12000 Kms,Aire Acondicionado,4 x 2,Blanco,4,Eléctricos,Automática,Hidráulica,1500,Cuero,Gasolina,Pichincha,https://images.patiotuerca.com/thumbs/w/990x540xC/amz_ptf_ecuador/2012025/1876413/o_o/1876413_1737365336812_114.jpg
Mini COOPER SE HATCH,2020 12600 Kms.,Negociable,$ 31.900,Mini,COOPER SE HATCH,Hatchback (3 Puertas),12600 Kms,Aire Acondicionado,4 x 2,Rojo,4,Eléctricos,Automática,Hidráulica,1500,Cuero,Gasolina,Pichincha,https://images.patiotuerca.com/thumbs/w/990x540xC/amz_ptf_ecuador/1292024/1852836/o_o/1852836_1726140703985_822.jpg
Toyota New Fortuner,2022 73000 Kms.,Negociable,$ 42.900,Toyota,New Fortuner,Todoterreno,73000 Kms,Aire Acondicionado,4 x 4,Gris,1,Eléctricos,Manual,Hidráulica,2700,Cuero,Gasolina,Tungurahua,https://images.patiotuerca.com/thumbs/w/990x540xC/amz_ptf_ecuador/1792024/1854019/o_o/1854019_1726613814665_39.jpg
Ford Territory,2023 12000 Kms.,Negociable,$ 23.900,Ford,Territory,Todoterreno,12000 Kms,Aire Acondicionado,4 x 2,Blanco,4,Eléctricos,Automática,Hidráulica,1500,Cuero,Gasolina,Pichincha,https://images.patiotuerca.com/thumbs/w/990x540xC/amz_ptf_ecuador/2012025/1876414/o_o/1876414_1737365899156_821.jpg
BMW 335ci,2011 65900 Kms.,Negociable,$ 35.900,BMW,335ci,Convertible,65900 Kms,Aire Acondicionado,4 x 2,Rojo,3,Eléctricos,Automática,Asistida,3000,Cuero,Gasolina,Pichincha,https://images.patiotuerca.com/thumbs/w/990x540xC/amz_ptf_ecuador/11122024/1870410/o_o/1870410_1733956377778_219.jpg
Kia Rio,2021 46000 Kms.,Negociable,$ 16.900,Kia,Rio,,,,,,,,,,,,,,
BMW 318i,2018 69000 Kms.,Negociable,$ 29.900,BMW,318i,Sedán,69000 Kms,Aire Acondicionado,AWD,Blanco,4,Eléctricos,Automática,Asistida,1500,Cuero,Gasolina,Guayas,https://images.patiotuerca.com/thumbs/w/990x540xC/amz_ptf_ecuador/2212025/1877074/o_o/1877074_1737591017287_534.jpg
BMW 318,2018 69000 Kms.,Negociable,$ 29.900,BMW,318,Sedán,69000 Kms,Aire Acondicionado,4 x 2,Blanco,4,Eléctricos,Automática,Asistida,1500,Cuero,Gasolina,Guayas,https://images.patiotuerca.com/thumbs/w/990x540xC/amz_ptf_ecuador/2212025/1877077/o_o/1877077_1737591700873_563.jpg
Suzuki Grand Vitara SZ 2.4,2015 152000 Kms.,Negociable,$ 13.800,Suzuki,Grand Vitara SZ 2.4,,,,,,,,,,,,,,
Jeep Wrangler Rubicon,2012 86000 Kms.,Negociable,$ 34.500,Jeep,Wrangler Rubicon,,,,,,,,,,,,,,
Chevrolet ONIX,2021 67000 Kms.,Fijo,$ 11.900,Chevrolet,ONIX,Sedán,67000 Kms,Aire Acondicionado,N/A,Azul,5,Eléctricos,Manual,Electrónica,1.0,Tela,Gasolina,Pichincha,https://images.patiotuerca.com/thumbs/w/990x540xC/amz_ptf_ecuador/2025124/1877320/o_o/pt_1877320_7655010.jpg
Citroen C3 Feel,2020 59000 Kms.,Negociable,$ 16.500,Citroen,C3 Feel,,,,,,,,,,,,,,
Volkswagen Touareg,2014 49000 Mi.,Negociable,$ 39.900,Volkswagen,Touareg,Todoterreno,49000 Millas,Climatizador Bi-Zona,4 x 4,Azul,2,Eléctricos,Automática,Hidráulica,3598,Cuero,Gasolina,Pichincha,https://images.patiotuerca.com/thumbs/w/990x540xC/amz_ptf_ecuador/2672024/1843157/o_o/1843157_1722020477206_353.jpeg
Nissan Qashqai sense,2019 95000 Kms.,Negociable,$ 19.400,Nissan,Qashqai sense,Todoterreno,95000 Kms,Aire Acondicionado,4 x 2,Blanco,0,Eléctricos,Manual,Electrónica,2000,Tela,Gasolina,Pichincha,https://images.patiotuerca.com/thumbs/w/990x540xC/amz_ptf_ecuador/2025124/1877321/o_o/pt_1877321_7461533.jpg
Nissan Qashqai,2019 95000 Kms.,Negociable,$ 19.400,Nissan,Qashqai,Todoterreno,95000 Kms,Aire Acondicionado,4 x 2,Blanco,0,Eléctricos,Manual,Hidráulica,2000,Tela,Gasolina,Pichincha,https://images.patiotuerca.com/thumbs/w/990x540xC/amz_ptf_ecuador/2025124/1877318/o_o/pt_1877318_7314634.jpg
Ford F150 DC 4X4,2020 0 Kms.,Negociable,$ 38.900,Ford,F150 DC 4X4,Camioneta Doble Cabina,77000 Millas,Aire Acondicionado,4 x 4,Negro,4,Eléctricos,Automática,Electrónica,3300,Tela,Gasolina,Pichincha,https://images.patiotuerca.com/thumbs/w/990x540xC/amz_ptf_ecuador/2025124/1877317/o_o/pt_1877317_7020590.jpg
Baic X35,2024 26107 Kms.,Negociable,$ 14.900,Baic,X35,,,,,,,,,,,,,,
Renault LOGAN ZEN,2023 49834 Kms.,Negociable,$ 13.800,Renault,LOGAN ZEN,,,,,,,,,,,,,,
Baic X25,2019 100799 Kms.,Negociable,$ 10.900,Baic,X25,,,,,,,,,,,,,,
Renault LOGAN CROSS INTENS,2023 43039 Kms.,Negociable,$ 13.500,Renault,LOGAN CROSS INTENS,Sedán,43039 Kms,Aire Acondicionado,4 x 2,Plomo,0,Eléctricos,Automática,Hidráulica,1600,Corosil,Gasolina,Manabí,https://images.patiotuerca.com/thumbs/w/990x540xC/amz_ptf_ecuador/2024612/1833329/o_o/pt_1833329_947982.png
Nissan QASHQAI ADVANCE,2018 83645 Kms.,Fijo,$ 21.900,Nissan,QASHQAI ADVANCE,,,,,,,,,,,,,,
Nissan Kicks,2022 52618 Kms.,Fijo,$ 19.900,Nissan,Kicks,Todoterreno,52618 Kms,Aire Acondicionado,4 x 2,Gris,2,Eléctricos,Manual,Hidráulica,16000,Tela,Gasolina,Manabí,https://images.patiotuerca.com/thumbs/w/990x540xC/amz_ptf_ecuador/2024430/1823916/o_o/pt_1823916_1116362.png
Nissan X-Trail Epower Advance e-4ORCE EV,2023 7060 Kms.,Negociable,$ 37.400,Nissan,X-Trail Epower Advance e-4ORCE EV,,,,,,,,,,,,,,
Nissan QASHQAI ADVANCE,2019 85220 Kms.,Fijo,$ 19.900,Nissan,QASHQAI ADVANCE,,,,,,,,,,,,,,
Renault captur,2020 41327 Kms.,Fijo,$ 16.900,Renault,captur,Todoterreno Ligero,41327 Kms,Aire Acondicionado,4 x 2,Rojo,8,Eléctricos,Manual,Hidráulica,2.0,Tela,Gasolina,Manabí,https://images.patiotuerca.com/thumbs/w/990x540xC/amz_ptf_ecuador/2024427/1823404/o_o/pt_1823404_4784915.png
Renault DUSTER INTENS,2023 22072 Kms.,Negociable,$ 19.600,Renault,DUSTER INTENS,,,,,,,,,,,,,,
Honda WR-V,2019 58875 Kms.,Fijo,$ 15.000,Honda,WR-V,Todoterreno,58875 Kms,Aire Acondicionado,4 x 2,Blanco,1,Eléctricos,Manual,Hidráulica,1500,Tela,Gasolina,Guayas,https://images.patiotuerca.com/thumbs/w/990x540xC/amz_ptf_ecuador/2024423/1822515/o_o/pt_1822515_9269236.png
Ford Ecosport,2020 67100 Kms.,Fijo,$ 16.700,Ford,Ecosport,Todoterreno,67100 Kms,Aire Acondicionado,4 x 2,Plata,9,Eléctricos,Manual,Electrónica,1500,Cuero,Gasolina,Guayas,https://images.patiotuerca.com/thumbs/w/990x540xC/amz_ptf_ecuador/2024423/1822511/o_o/pt_1822511_651709.png
Nissan Versa,2024 2852 Kms.,Negociable,$ 19.900,Nissan,Versa,,,,,,,,,,,,,,
Nissan X-Trail Epower Advance e-4ORCE EV,2023 3860 Kms.,Negociable,$ 37.400,Nissan,X-Trail Epower Advance e-4ORCE EV,,,,,,,,,,,,,,
Nissan Qashqai sense,2015 71224 Kms.,Fijo,$ 15.900,Nissan,Qashqai sense,Todoterreno Ligero,71224 Kms,Aire Acondicionado,4 x 2,Gris,0,Manuales,Manual,Hidráulica,2000,Tela,Gasolina,Pichincha,https://images.patiotuerca.com/thumbs/w/990x540xC/amz_ptf_ecuador/862023/1751201/o_o/pt_1751201_3408744.png
2017 · Kia SPORTAGE R GTI,2017125655 Kms · Quito,Negociable,$ 18.470,Kia,SPORTAGE R GTI,Todoterreno,125655 Kms,Aire Acondicionado,4 x 2,Plata,2,Eléctricos,Automática,Asistida,2000,Cuero,Gasolina,Guayas,https://images.patiotuerca.com/thumbs/w/990x540xC/amz_ptf_ecuador/2024115/1863293/o_o/pt_1863293_4956441.jpeg
2019 · Kia Sportage R,201990000 Kms · Quito,Negociable,$ 18.500,Kia,Sportage R,Todoterreno,90000 Kms,Aire Acondicionado,4 x 2,Azul,0,Eléctricos,Manual,Hidráulica,2000,Tela,Gasolina,Pichincha,https://images.patiotuerca.com/thumbs/w/990x540xC/amz_ptf_ecuador/2662023/1755311/o_o/pt_1755311_12021255.jpg
Nissan Qashqai sense,2015 71224 Kms.,Fijo,$ 15.900,Nissan,Qashqai sense,Todoterreno Ligero,71224 Kms,Aire Acondicionado,4 x 2,Gris,0,Manuales,Manual,Hidráulica,2000,Tela,Gasolina,Pichincha,https://images.patiotuerca.com/thumbs/w/990x540xC/amz_ptf_ecuador/862023/1751201/o_o/pt_1751201_3408744.png
Peugeot 2008,2019 71748 Kms.,Fijo,$ 13.500,Peugeot,2008,Crossover,71748 Kms,Aire Acondicionado,4 x 2,Negro,8,Eléctricos,Automática,Hidráulica,1600,Tela,Gasolina,Guayas,https://images.patiotuerca.com/thumbs/w/990x540xC/amz_ptf_ecuador/1342023/1738316/o_o/pt_1738316_8969995.png
Nissan Versa,2024 6539 Kms.,Negociable,$ 19.900,Nissan,Versa,,,,,,,,,,,,,,
Renault Duster Intens 1.3,2023 13782 Kms.,Negociable,$ 20.990,Renault,Duster Intens 1.3,,,,,,,,,,,,,,
Baic X25,2019 104413 Kms.,Negociable,$ 10.500,Baic,X25,,,,,,,,,,,,,,
Nissan Versa,2024 2309 Kms.,Negociable,$ 19.900,Nissan,Versa,,,,,,,,,,,,,,
Nissan X-Trail Epower Advance e-4ORCE EV,2023 7546 Kms.,Negociable,$ 37.400,Nissan,X-Trail Epower Advance e-4ORCE EV,,,,,,,,,,,,,,
Ford F150,2016 0 Kms.,Fijo,$ 28.900,Ford,F150,Camioneta Doble Cabina,82000 Millas,Aire Acondicionado,4 x 2,Blanco,4,Eléctricos,Automática,Electrónica,3500,Tela,Gasolina,Pichincha,https://images.patiotuerca.com/thumbs/w/990x540xC/amz_ptf_ecuador/2025124/1877314/o_o/pt_1877314_6833705.jpg
Renault Duster Intens 1.3,2023 79003 Kms.,Negociable,$ 16.900,Renault,Duster Intens 1.3,,,,,,,,,,,,,,
Renault Duster Intens 1.3,2023 81222 Kms.,Negociable,$ 16.900,Renault,Duster Intens 1.3,,,,,,,,,,,,,,
Renault Duster Intens 1.3,2023 73832 Kms.,Negociable,$ 16.900,Renault,Duster Intens 1.3,,,,,,,,,,,,,,
Renault Duster Intens 1.3,2023 75836 Kms.,Negociable,$ 16.900,Renault,Duster Intens 1.3,,,,,,,,,,,,,,
Nissan Versa,2018 102253 Kms.,Negociable,$ 12.200,Nissan,Versa,,,,,,,,,,,,,,
Nissan X-Trail Epower Advance e-4ORCE EV,2023 8351 Kms.,Negociable,$ 37.400,Nissan,X-Trail Epower Advance e-4ORCE EV,,,,,,,,,,,,,,
Jeep Compass,2021 26500 Kms.,Negociable,$ 26.900,Jeep,Compass,Todoterreno,26500 Kms,Aire Acondicionado,4 x 2,Rojo,4,Eléctricos,Automática,Hidráulica,2400,Cuero,Gasolina,Pichincha,https://images.patiotuerca.com/thumbs/w/990x540xC/amz_ptf_ecuador/642023/1736745/o_o/pt_1736745_5048953.png
Renault Duster Intens 1.3,2023 84377 Kms.,Negociable,$ 16.900,Renault,Duster Intens 1.3,,,,,,,,,,,,,,
Renault Duster Intens 1.3,2023 79834 Kms.,Negociable,$ 16.900,Renault,Duster Intens 1.3,,,,,,,,,,,,,,
Fiat 500 LOUNGE,2017 106000 Kms.,Negociable,$ 11.900,Fiat,500 LOUNGE,,,,,,,,,,,,,,
Foton TUNLAND G,2022 45490 Kms.,Negociable,$ 19.900,Foton,TUNLAND G,,,,,,,,,,,,,,
Nissan X-Trail Epower Advance e-4ORCE EV,2023 13208 Kms.,Negociable,$ 37.900,Nissan,X-Trail Epower Advance e-4ORCE EV,,,,,,,,,,,,,,
Nissan Qashqai exclusive,2018 89000 Kms.,Negociable,$ 20.900,Nissan,Qashqai exclusive,Todoterreno,89000 Kms,Aire Acondicionado,4 x 4,Blanco,5,Eléctricos,CVT,Hidráulica,2000,Cuero,Gasolina,Pichincha,https://images.patiotuerca.com/thumbs/w/990x540xC/amz_ptf_ecuador/2162023/1754336/o_o/pt_1754336_2854466.png
Renault Duster Intens 1.3,2023 81102 Kms.,Negociable,$ 16.900,Renault,Duster Intens 1.3,,,,,,,,,,,,,,
Nissan Versa,2024 4405 Kms.,Negociable,$ 19.900,Nissan,Versa,,,,,,,,,,,,,,
Renault Duster Intens 1.3,2023 81896 Kms.,Negociable,$ 16.900,Renault,Duster Intens 1.3,,,,,,,,,,,,,,
Renault Duster Intens 1.3,2023 79711 Kms.,Negociable,$ 16.900,Renault,Duster Intens 1.3,,,,,,,,,,,,,,
Ford F150,2020 0 Kms.,Negociable,$ 38.900,Ford,F150,Camioneta Doble Cabina,77000 Millas,Aire Acondicionado,4 x 4,Negro,4,Eléctricos,Automática,Electrónica,3300,Tela,Gasolina,Pichincha,https://images.patiotuerca.com/thumbs/w/990x540xC/amz_ptf_ecuador/2025124/1877313/o_o/pt_1877313_6640526.jpg
Mitsubishi Outlander Sport,2019 14484 Kms.,Negociable,$ 19.900,Mitsubishi,Outlander Sport,,,,,,,,,,,,,,
Chevrolet JOY BLACK,2023 34000 Kms.,Negociable,$ 11.700,Chevrolet,JOY BLACK,,,,,,,,,,,,,,
BMW 320i,2018 69000 Kms.,Negociable,$ 29.900,BMW,320i,,,,,,,,,,,,,,
Mercedes Benz C300,2017 70000 Mi.,Fijo,$ 45.000,Mercedes Benz,C300,Sedán,70000 Millas,Climatizador Bi-Zona,4 x 2,Blanco,4,Eléctricos,9G-Tronic,Electrónica,2000,Cuero,Gasolina,Imbabura,https://images.patiotuerca.com/thumbs/w/990x540xC/amz_ptf_ecuador/1482024/1846852/o_o/1846852_1723664867110_677.jpeg
BMW X5 XDRIVE 40i,2018 78000 Kms.,Fijo,$ 58.900,BMW,X5 XDRIVE 40i,,,,,,,,,,,,,,
Nissan Versa,2021 83000 Kms.,Negociable,$ 15.900,Nissan,Versa,Sedán,83000 Kms,Aire Acondicionado,4 x 2,Plata,5,Eléctricos,Manual,Electrónica,1600,Tela,Gasolina,Pichincha,https://images.patiotuerca.com/thumbs/w/990x540xC/amz_ptf_ecuador/2312025/1877108/o_o/1877108_1737634522303_521.jpg
Mazda CX7,2011 172000 Kms.,Negociable,$ 11.400,Mazda,CX7,Todoterreno,172000 Kms,Aire Acondicionado,4 x 2,Blanco,2,Eléctricos,Tiptronic,Hidráulica,2500,Cuero,Gasolina,Pichincha,https://images.patiotuerca.com/thumbs/w/990x540xC/amz_ptf_ecuador/2312025/1877107/o_o/1877107_1737634166625_798.jpg
Suzuki SCROSS BOOSTERJET GL,2024 12000 Kms.,Negociable,$ 23.900,Suzuki,SCROSS BOOSTERJET GL,SUV,12000 Kms,Climatizador Bi-Zona,4 x 2,Vino,8,Eléctricos,Tiptronic,Electrónica,1400,Corosil,Gasolina,Pichincha,https://images.patiotuerca.com/thumbs/w/990x540xC/amz_ptf_ecuador/2312025/1877106/o_o/1877106_1737633401085_828.jpg
Volkswagen GOL 1.6,2014 111000 Kms.,Negociable,$ 11.400,Volkswagen,GOL 1.6,Hatchback (5 Puertas),111000 Kms,Aire Acondicionado,4 x 2,Negro,0,Eléctricos,Manual,Hidráulica,16,Tela,Gasolina,Pichincha,https://images.patiotuerca.com/thumbs/w/990x540xC/amz_ptf_ecuador/2212025/1876992/o_o/1876992_1737577728897_293.jpeg
